LAI,Kc
3.292285152813333e-06,0.5914609734653995
8.99298181863405e-06,0.4612471055999671
2.005810504982335e-05,0.30947539421767367
3.910525624119143e-05,0.6669446639378704
6.92670040587553e-05,0.443412308403596
0.00011418623678693592,0.45451793816124164
0.00017801075472352837,0.48047695288804754
0.0002653871093545504,0.47418861611500407
0.0003814536969796452,0.4507924822989242
0.0005318331153881024,0.38889951199145495
0.0007226237931046317,0.43514630965343093
0.0009603909016316744,0.5112044898404599
0.001252156562010179,0.5184852884658807
0.0016053893579023352,0.5036103088501982
0.002027993168266693,0.4627798565878414
0.0025282953335471867,0.5875176541763802
0.0031150341701325778,0.29427534791328375
0.0037973458486589224,0.48137171056496086
0.004584750652526502,0.6765211008050269
0.0054871386337807925,0.3063337374287278
0.006514754684265067,0.3761531673347228
0.0076781830406886095,0.34158405123285096
0.008988331242968634,0.33739410428027555
0.010456413565894591,0.3308105453730469
0.012093933944830888,0.39081576303907645
0.013912668416814915,0.4816841290857954
0.01592464709902448,0.34855141549826835
0.018142135727178085,0.408112338082564
0.0205776167769939,0.3409000799195824
0.02324377019236966,0.3613911307076962
0.026153453744449964,0.5427247967272042
0.029319683046227035,0.49250705310841864
0.03275561124776791,0.3366902589658823
0.03647450843757888,0.36369964275950073
0.04048974077600456,0.5110251166755607
0.04481474938691692,0.6892212017837844
0.049463029034270495,0.7039761782687903
0.054448106610395855,0.6546685647360001
0.05978351946316097,0.6444022397335304
0.0654827935893602,0.7108727119926695
0.07155942172188104,0.503541393528687
0.0780268413383651,0.6338888644855311
0.08489841261920274,0.6548892984260618
0.09218739638280145,0.6369168128834851
0.0999069320261207,0.6711207174147164
0.10807001549850133,0.696429389469494
0.11668947733680442,0.7268434656664354
0.12577796078984002,0.5444152156038484
0.13534790005998507,0.6170389454434987
0.1454114986897885,0.6971083508409837
0.15598070812121495,0.7699949135699752
0.16706720645500983,0.7666230632549704
0.17868237743745197,1.040000259862764
0.19083728970152813,0.9664942040710188
0.20354267628928388,0.8901782717512942
0.21680891448180065,0.9004280125093662
0.2306460059629168,0.9973992040465065
0.24506355734242954,1.18936715267969
0.26007076106412386,1.1617524985099061
0.27567637672354023,1.1475895132777383
0.29188871281992806,1.0392628451578934
0.30871560896634903,1.161935032353195
0.32616441858135864,1.0039809362506236
0.3442419920851672,0.9179172634284654
0.3629546606225828,0.8798964690256889
0.38230822033445244,0.9526321808111357
0.40230791719867265,0.9528652076706324
0.4229584324612028,1.1289368069387482
0.4442638686768129,1.2715082580855106
0.46622773637860554,1.076717784713328
0.48885294139462515,1.1729015804258704
0.5121417728291058,1.0733896496305924
0.5360958917251497,1.2822100574319133
0.5607163204248208,1.4882083134531827
0.586003432641842,1.4337925634979858
0.6119569442612375,1.4418941243995687
0.6385759048794244,0.9853531127122103
0.6658586900973833,1.214289621330666
0.6938029945786618,1.0564754416850204
0.7224058258830672,1.1638322824657208
0.7516634990859864,1.2659554738873966
0.7815716321923681,1.3230028726171688
0.8121251423534409,1.2016280513507416
0.8433182428933264,1.4219875075503776
0.8751444411517226,1.2280834249293553
0.9075965371478986,1.257933334446305
0.9406666230702545,1.3404836295800036
0.974346083594727,1.1798572621384567
1.008625597034356,1.2423736939159589
1.0434951373213293,1.3672389768623379
1.0789439768218414,1.3030440245406496
1.1149606899831177,1.3929366477072376
1.1515331578109724,1.4559103873713604
1.1886485731752774,1.4094465548866018
1.2262934469397355,1.16220164222046
1.2644536149113754,1.4244593360492346
1.3031142456042137,1.4512870252334507
1.342259848810554,1.4860315505025063
1.3818742849724248,1.419437102001078
1.421940775344735,1.5169605474851762
1.462441912940733,1.5554466610723747
1.5033596742494593,1.6331448046024624
1.5446754317139446,1.7751450895043124
1.586369966957997,1.8059935619963465
1.628423484748522,1.5077113840477088
1.670815627679445,1.4711531852988
1.7135254915624214,1.5652650734248805
1.7565316415086973,1.3635491138666629
1.7998121286856312,1.1570871300486112
1.8433445077305701,2.820156785625762
1.8871058548040076,2.680179203594841
1.9310727862631398,1.7156416754680954
1.9752214779362294,1.4782387705844775
2.0195276849774038,1.5755323159679002
2.063966762280877,1.7800211274199684
2.1085136854328197,1.6781111460033944
2.153143072178545,1.5560439390008642
2.197829204381947,1.5247310158180616
2.242546050453601,1.5078894895990234
2.2872672882233225,1.365344610776981
2.331966328232438,1.5677588771139397
2.376616337420511,1.7593961741272754
2.4211902631807596,1.4962489545387905
2.46566085775796,1.8130878761455393
2.510000702962184,1.6477082827428207
2.554182235171331,1.389914623428215
2.5981777705950395,1.6188239968141078
2.641959530772227,2.0963268881071384
2.6854996682742147,2.062589419086828
2.7287702925850987,1.8111030593545756
2.771743496130823,1.8197660315546418
2.814391380428167,1.5312417326925
2.8566860823247278,1.5187398028542922
2.8985998003008095,1.7296951767994093
2.9401048208040326,2.288713349468307
2.981173544587433,1.6841162358426904
3.021778513021734,2.3509248315674345
3.061892434352532,2.4000902571666924
3.1014882098731165,2.1882336425911655
3.140538959983744,1.938842237225052
3.17901805010827,1.527116348005774
3.2168991164391953,1.78024374265137
3.2541560914823173,1.954630541984125
3.290763229372425,1.7596456732922015
3.326695130931671,1.8339317059366285
3.3619267684425345,1.5962715875389968
3.3964335101076104,2.028423669587213
3.4301911441687705,1.8329841793893984
3.463175902658598,1.8682970310225122
3.495364484757433,1.7209084692302556
3.526734079729767,1.799915052705253
3.55726238941417,1.9286696150450011
3.586927650241472,2.083048133693313
3.615708654756392,2.1239015969442407
3.6435847726183623,2.1251958841827263
3.6705359710579195,2.5517626847289994
3.6965428347655545,2.090246092125376
3.721586585190632,2.126675820420608
3.7456490992285816,1.9778981904509243
3.7687129272752764,2.0287342741379453
3.790761310628224,2.331555056836142
3.8117781982149035,2.140882052521679
3.831748262629363,1.9416943874357195
3.850656915458952,1.8562133290009002
3.86849032188386,2.1949153493468305
3.8852354145329695,2.3231719507042916
3.9008799065803323,1.967588288639259
3.9154123040674738,2.105601217097773
3.9288219174375887,2.1009248180349496
3.9410988722685456,2.11981934207491
3.952234119192594,2.163513482825415
3.9622194429915196,1.737159448091909
3.9710474708569556,1.8972985910071765
3.9787116798065005,2.2345134048731055
3.985206403247246,2.007484961181482
3.990526836679283,1.9694627540063319
3.994669042532713,1.7447037486207362
3.997629954132703,2.179600858601452
3.999407378788085,2.246150659515237
4.0,2.36346674471218
3.999407378788085,2.5128608159912615
3.997629954132703,2.1099544739894034
3.994669042532713,1.8935637893827275
3.990526836679283,2.0547186932922843
3.985206403247246,2.1030940434295218
3.9787116798065005,1.8254866883893417
3.9710474708569556,2.339662419973127
3.9622194429915196,2.8109892096679023
3.952234119192594,2.076867479675949
3.9410988722685456,2.288817227489603
3.9288219174375887,2.122231451090272
3.9154123040674738,2.1144731750627903
3.9008799065803323,2.4729469650437057
3.8852354145329695,2.661093053647298
3.86849032188386,2.426792818014897
3.850656915458952,2.414541457501135
3.831748262629363,2.0653347413391567
3.8117781982149035,2.0169456997854054
3.790761310628224,2.168629321019274
3.7687129272752764,2.2776856398861427
3.7456490992285816,2.3701330783985903
3.721586585190632,2.382984939634835
3.6965428347655545,2.3340828012789188
3.6705359710579195,2.522324365346533
3.6435847726183623,2.640481339756455
3.615708654756392,2.5251499838376974
3.586927650241472,2.6771253288012358
3.55726238941417,2.828938253612477
3.526734079729767,2.309580995214353
3.495364484757433,2.0047956155993747
3.463175902658598,2.19310179691251
3.4301911441687705,1.9276268009561357
3.3964335101076104,1.8944215111022644
3.3619267684425345,1.8352084044167691
3.326695130931671,1.7819992355495973
3.290763229372425,2.031701462959253
3.2541560914823173,1.894045826281704
3.2168991164391953,2.0782335060917543
3.17901805010827,2.661130179481127
3.140538959983744,2.395399425432229
3.1014882098731165,3.038703542041062
3.061892434352532,2.2830308972773916
3.021778513021734,1.991335579421671
2.981173544587433,2.510945390265126
2.9401048208040326,1.7944759079271995
2.8985998003008095,1.7617188625075837
2.8566860823247278,1.8317791075944372
2.814391380428167,1.9417466144508368
2.771743496130823,2.0543644555367266
2.7287702925850987,2.3796105693806697
2.6854996682742147,2.180331549153672
2.641959530772227,1.7306301990891828
2.5981777705950395,1.6538796460687097
2.554182235171331,1.6792699383257503
2.510000702962184,1.7780405477646952
2.46566085775796,1.724209939933036
2.4211902631807596,1.6809380338755981
2.376616337420511,1.7232093284642618
2.331966328232438,1.80033120237097
2.2872672882233225,1.705282032626859
2.242546050453601,1.6842851084572859
2.197829204381947,1.759900990212699
2.153143072178545,1.844800065559092
2.1085136854328197,1.991492388524139
2.063966762280877,1.8562011121053852
2.0195276849774038,1.632089870316768
1.9752214779362294,1.5450246145823245
1.9310727862631398,1.5234384151906588
1.8871058548040076,1.6935164031914185
1.8433445077305701,1.7342883994865939
1.7998121286856312,1.4975264194436742
1.7565316415086973,1.6839050970335654
1.7135254915624214,2.083434072921244
1.670815627679445,2.076732010147331
1.628423484748522,2.7443449467095697
1.586369966957997,1.4271295040754448
1.5446754317139446,1.547839204904259
1.5033596742494593,1.4155481885136956
1.462441912940733,1.301171691271495
1.421940775344735,1.202246821112387
1.3818742849724248,1.4132701772066694
1.342259848810554,1.3938632071358183
1.3031142456042137,1.3238514499564842
1.2644536149113754,1.2780681068875852
1.2262934469397355,1.6109047881584924
1.1886485731752774,1.5133035250027753
1.1515331578109724,1.7075981827949316
1.1149606899831177,1.6046832779559177
1.0789439768218414,1.345152209147958
1.0434951373213293,1.4645888698719347
1.008625597034356,1.4082130701949729
0.974346083594727,1.4586534499556527
0.9406666230702545,1.5659257433916116
0.9075965371478986,1.7258712398562648
0.8751444411517226,1.6848766072289358
0.8433182428933264,1.754122612043179
0.8121251423534409,1.63082533996277
0.7815716321923681,1.4926822969195983
0.7516634990859864,1.4198280737189624
0.7224058258830672,1.5732902705472338
0.6938029945786618,1.174239893750375
0.6658586900973833,1.1333077483071778
0.6385759048794244,1.1649919976188599
0.6119569442612375,1.1064381358663589
0.586003432641842,0.9201097977612501
0.5607163204248208,1.0840425041973232
0.5360958917251497,1.1782856639441184
0.5121417728291058,1.26409786235188
0.48885294139462515,1.315361780193268
0.46622773637860554,1.4787755968012803
0.4442638686768129,1.3314211247368195
0.4229584324612028,1.1208677092359771
0.40230791719867265,0.9209371312604323
0.38230822033445244,0.9697023969643072
0.3629546606225828,1.0076436486172822
0.3442419920851672,1.1346843741013495
0.32616441858135864,0.9864250766132393
0.30871560896634903,0.9615635376677144
0.29188871281992806,0.9848505019967306
0.27567637672354023,0.8326495690208121
0.26007076106412386,0.6597381744203259
0.24506355734242954,0.9052289835813051
0.2306460059629168,1.004269671866766
0.21680891448180065,0.8548187481459996
0.20354267628928388,0.8456874149495898
0.19083728970152813,0.780872773771041
0.17868237743745197,0.6596218171663694
0.16706720645500983,0.7635401713705848
0.15598070812121495,0.7072625900567329
0.1454114986897885,0.6462364695496501
0.13534790005998507,0.6575072509250215
0.12577796078984002,0.5284989393649001
0.11668947733680442,0.624581200958291
0.10807001549850133,0.47628438976348725
0.0999069320261207,0.45891056302773325
0.09218739638280145,0.59312437020017
0.08489841261920274,0.5553501496290318
0.0780268413383651,0.3855695280793339
0.07155942172188104,0.3524161963864807
0.0654827935893602,0.4842709221282344
0.05978351946316097,0.49827485385630743
0.054448106610395855,0.5831622199522315
0.049463029034270495,0.5092215489309465
0.04481474938691692,0.7174843526398198
0.04048974077600456,0.6939778607797792
0.03647450843757888,0.4925684200139245
0.03275561124776791,0.3894099888314853
0.029319683046227035,0.3629207069269009
0.026153453744449964,0.4246854823396559
0.02324377019236966,0.43854358723011
0.0205776167769939,0.5030665832631754
0.018142135727178085,0.35815434742182234
0.01592464709902448,0.4052750551082301
0.013912668416814915,0.5837396676878827
0.012093933944830888,0.8016176271396847
0.010456413565894591,0.7174739471322045
0.008988331242968634,0.6460806735480793
0.0076781830406886095,0.4990511799299807
0.006514754684265067,0.9450816356276364
0.0054871386337807925,0.6469651176191034
0.004584750652526502,0.5767816276982114
0.0037973458486589224,0.703418175546399
0.0031150341701325778,0.45306201615590497
0.0025282953335471867,0.41857077143000004
0.002027993168266693,0.35483566126508365
0.0016053893579023352,0.34420511283574606
0.001252156562010179,0.3079487873979487
0.0009603909016316744,0.30627968548689605
0.0007226237931046317,0.4564402216377916
0.0005318331153881024,0.15035385901229972
0.0003814536969796452,0.6383322364278212
0.0002653871093545504,0.41486620014664904
0.00017801075472352837,0.03688220932429016
0.00011418623678693592,0.36718776386985047
6.92670040587553e-05,0.35886276896392766
3.910525624119143e-05,0.3399208903885006
2.005810504982335e-05,0.3978907512734674
8.99298181863405e-06,0.4133879357451246
3.292285152813333e-06,0.35953786494578865
8.572628439185999e-07,0.4441015041477671
1.1112321554439756e-07,0.3950947244770642
1.372027067831442e-09,0.7114287052896031
1.3720270678310018e-09,0.6281280553052148
1.1112321554438574e-07,0.5462018205182209
8.572628439185805e-07,0.1588151614867868
3.292285152813333e-06,0.6407518032267203
8.99298181863405e-06,0.41900832448779074
2.005810504982335e-05,0.6305970428038847
3.910525624119143e-05,0.44787007639546117
6.92670040587553e-05,0.6976179351822104
0.00011418623678693592,0.39295259397951104
0.00017801075472352837,0.4354038645101673
0.0002653871093545504,0.49101048810279946
0.0003814536969796452,0.6985726109360662
0.0005318331153881024,0.41510265553031656
0.0007226237931046317,0.5121788233458515
0.0009603909016316744,0.43553355223926643
0.001252156562010179,0.495934821606066
0.0016053893579023352,0.4210950634915937
0.002027993168266693,0.43893110767666876
0.0025282953335471867,0.4931001637922429
0.0031150341701325778,0.3984942532241145
0.0037973458486589224,0.46785531181818846
0.004584750652526502,0.3597792116988542
0.0054871386337807925,0.3538845079094603
0.006514754684265067,0.5187954402395343
0.0076781830406886095,0.6476996671042268
0.008988331242968634,0.38182817175209377
0.010456413565894591,0.5249850933388495
0.012093933944830888,0.46663465034337914
0.013912668416814915,0.5983253088761687
0.01592464709902448,0.5948035012474063
0.018142135727178085,0.5484571779996233
0.0205776167769939,0.6158198656348737
0.02324377019236966,0.6968822911403031
0.026153453744449964,0.6261283185031128
0.029319683046227035,0.6283635526055753
0.03275561124776791,0.5843800211873252
0.03647450843757888,0.7382020173927076
0.04048974077600456,0.7413039338966647
0.04481474938691692,0.43413227358443807
0.049463029034270495,0.5915053038008107
0.054448106610395855,0.6431444455613907
0.05978351946316097,0.7016743171186712
0.0654827935893602,0.8214969774027617
0.07155942172188104,0.8063054178297079
0.0780268413383651,0.7050368480053056
0.08489841261920274,0.7422304549847533
0.09218739638280145,0.6316665864469345
0.0999069320261207,0.7264118121955343
0.10807001549850133,0.777307006603672
0.11668947733680442,0.8462650881737894
0.12577796078984002,0.7720937414849205
0.13534790005998507,0.5573709731416301
0.1454114986897885,0.6903954195081832
0.15598070812121495,0.7973900909478252
0.16706720645500983,0.8162010245830097
0.17868237743745197,0.9431511721158161
0.19083728970152813,0.9680227317079396
0.20354267628928388,1.032331410544255
0.21680891448180065,0.8833161848246217
0.2306460059629168,0.9135646146217697
0.24506355734242954,1.017814010378108
0.26007076106412386,1.0285097861531858
0.27567637672354023,0.9404959010711305
0.29188871281992806,0.8553013910200109
0.30871560896634903,0.7615087079403626
0.32616441858135864,0.7443300342994698
0.3442419920851672,0.8117955053250316
0.3629546606225828,0.8877053115174145
0.38230822033445244,0.7818833551781101
0.40230791719867265,0.9541135030745894
0.4229584324612028,1.2527220730246775
0.4442638686768129,1.0831812060449508
0.46622773637860554,1.2455348866893325
0.48885294139462515,1.3347511078158922
0.5121417728291058,1.2444152928419772
0.5360958917251497,1.157666823941164
0.5607163204248208,1.0954918969855996
0.586003432641842,1.084325963616477
0.6119569442612375,0.8403367370055767
0.6385759048794244,0.9888505344741662
0.6658586900973833,1.0733627900299485
0.6938029945786618,1.0191131640661506
0.7224058258830672,1.0620570022284126
0.7516634990859864,1.0639614757636717
0.7815716321923681,0.948482513550307
0.8121251423534409,1.055757545695688
0.8433182428933264,1.4572810020542093
0.8751444411517226,1.1631746348203953
0.9075965371478986,1.3012991773602534
0.9406666230702545,1.9800422105901958
0.974346083594727,1.2342137780709732
1.008625597034356,1.2286683757295207
1.0434951373213293,1.1166048603853587
1.0789439768218414,1.1615911588885544
1.1149606899831177,1.3205286977737782
1.1515331578109724,1.2557826422666627
1.1886485731752774,1.1636458249523018
1.2262934469397355,1.2030164448115626
1.2644536149113754,1.2178891985208076
1.3031142456042137,1.3119918726565885
1.342259848810554,1.2939627707323385
1.3818742849724248,1.314168795906238
1.421940775344735,1.5966732453503023
1.462441912940733,1.762153655870722
1.5033596742494593,1.666098892756872
1.5446754317139446,1.4862616903009527
1.586369966957997,1.3891074423018412
1.628423484748522,1.1080203085243074
1.670815627679445,1.3240161016193492
1.7135254915624214,1.250248487453008
1.7565316415086973,1.1740327674073816
1.7998121286856312,1.2960876367290826
1.8433445077305701,1.413743249587136
1.8871058548040076,1.7616249042076286
1.9310727862631398,1.7934758518751253
1.9752214779362294,1.854693906751321
2.0195276849774038,1.3504781992257393
2.063966762280877,1.4234016020510163
2.1085136854328197,1.3151517300186624
2.153143072178545,1.457518218712438
2.197829204381947,1.5869090959064498
2.242546050453601,1.7676997940620345
2.2872672882233225,1.8316630516667407
2.331966328232438,1.8703027132542656
2.376616337420511,1.996452669511255
2.4211902631807596,1.6988514044424372
2.46566085775796,1.8106046610614883
2.510000702962184,1.9270893774356244
2.554182235171331,1.7270037709841515
2.5981777705950395,1.8840600057305514
2.641959530772227,1.8025838774791656
2.6854996682742147,1.7197362014766744
2.7287702925850987,1.5240908747626762
2.771743496130823,1.8761768405424046
2.814391380428167,2.035878742808565
2.8566860823247278,1.7556040120250893
2.8985998003008095,1.6854236266626292
2.9401048208040326,1.873709377208682
2.981173544587433,1.5170934564845207
3.021778513021734,1.3702422313717737
3.061892434352532,1.34032749906051
3.1014882098731165,1.9413844434748726
3.140538959983744,1.7414804112174014
3.17901805010827,1.8996443241609906
3.2168991164391953,1.8244514428121144
3.2541560914823173,1.9535575992139511
3.290763229372425,1.998958666978901
3.326695130931671,1.8513894522114642
3.3619267684425345,1.9953504940270725
3.3964335101076104,1.7154411342608527
3.4301911441687705,1.805152585351082
3.463175902658598,1.9583407301553872
3.495364484757433,1.9796985762710626
3.526734079729767,2.048833689406374
3.55726238941417,2.1464116628260896
3.586927650241472,1.9805494898037663
3.615708654756392,1.9568751418351473
3.6435847726183623,2.265893356914106
3.6705359710579195,2.5097485078471076
3.6965428347655545,2.0581078353780984
3.721586585190632,2.192486138922602
3.7456490992285816,2.6823300187007604
3.7687129272752764,1.949056446330877
3.790761310628224,1.6558712355778142
3.8117781982149035,1.8329589934578072
3.831748262629363,2.3022991700665973
3.850656915458952,2.552003368901852
3.86849032188386,2.3066560313533646
3.8852354145329695,2.129407680305967
3.9008799065803323,2.2059301745503688
3.9154123040674738,2.6906862887491863
3.9288219174375887,2.008773952984597
3.9410988722685456,1.7241146498157027
3.952234119192594,1.7545190984796621
3.9622194429915196,1.9474864152752434
3.9710474708569556,2.123635339835747
3.9787116798065005,2.063108254912212
3.985206403247246,1.8389022770630548
3.990526836679283,2.0398408782762085
3.994669042532713,2.279002382460849
3.997629954132703,2.0268899127428193
3.999407378788085,2.1201990818419425
4.0,2.0898995957468727
3.999407378788085,2.2097515483289736
3.997629954132703,2.4474689717461424
3.994669042532713,2.9933167711615574
3.990526836679283,2.8289749681270617
3.985206403247246,1.7795570993071221
3.9787116798065005,1.7979967464243123
3.9710474708569556,1.8872575342044586
3.9622194429915196,2.135146057353292
3.952234119192594,2.247385116369285
3.9410988722685456,2.245289278354399
3.9288219174375887,2.0529828914083463
3.9154123040674738,2.0062956632396722
3.9008799065803323,2.108026727168293
3.8852354145329695,2.2261497340613197
3.86849032188386,2.0876678993523083
3.850656915458952,1.831181728644778
3.831748262629363,1.784255809205766
3.8117781982149035,1.853766441248953
3.790761310628224,1.8591217781138556
3.7687129272752764,1.7751711397754648
3.7456490992285816,1.8596703417718958
3.721586585190632,2.059774824040095
3.6965428347655545,2.2644342566163087
3.6705359710579195,2.075100382777913
3.6435847726183623,2.1871634857351343
3.615708654756392,2.1876767076998287
3.586927650241472,2.1372537100496074
3.55726238941417,2.2204229605293446
3.526734079729767,2.342113402065585
3.495364484757433,2.295119368973904
3.463175902658598,1.991666150707586
3.4301911441687705,2.1791463187214157
3.3964335101076104,2.199605161142599
3.3619267684425345,2.4492804737690954
3.326695130931671,2.4592312548915145
3.290763229372425,1.8706842570321427
3.2541560914823173,1.85765045755416
3.2168991164391953,1.8470779815219258
3.17901805010827,1.8078535693256115
3.140538959983744,2.1578454654130104
3.1014882098731165,2.3432864035890053
3.061892434352532,2.5083082265404846
3.021778513021734,2.3561521626079895
2.981173544587433,2.2398226559526537
2.9401048208040326,1.9156884748372165
2.8985998003008095,1.9804308667724073
2.8566860823247278,2.061175938970866
2.814391380428167,2.08671968343153
2.771743496130823,2.571578081464706
2.7287702925850987,2.4773689523901576
2.6854996682742147,2.211590520321142
2.641959530772227,2.247853811727535
2.5981777705950395,2.3259602291266646
2.554182235171331,1.9167231888441567
2.510000702962184,2.0974271060660743
2.46566085775796,1.6386945465676404
2.4211902631807596,1.694024108023868
2.376616337420511,1.8025737125333905
2.331966328232438,2.102594224292032
2.2872672882233225,2.317388512083707
2.242546050453601,2.4984406212412535
2.197829204381947,2.571841930890334
2.153143072178545,2.0019974944062944
2.1085136854328197,1.737756950815515
2.063966762280877,1.5253036798521071
2.0195276849774038,1.592939839218793
1.9752214779362294,1.6742573910057934
1.9310727862631398,1.6259638115157788
1.8871058548040076,1.6116386226399741
1.8433445077305701,1.5934307500431601
1.7998121286856312,1.7096469637007792
1.7565316415086973,1.7038548161660052
1.7135254915624214,1.6795091587028628
1.670815627679445,1.6418079784031805
1.628423484748522,1.8423790339888813
1.586369966957997,1.9530160178866338
1.5446754317139446,1.7770470087523311
1.5033596742494593,1.7377000204261004
1.462441912940733,1.779633918538178
1.421940775344735,1.708455580502892
1.3818742849724248,1.6985131517790595
1.342259848810554,1.291819559867535
1.3031142456042137,1.5976834608021855
1.2644536149113754,1.6715977727215015
1.2262934469397355,1.6836931378201938
1.1886485731752774,1.7602432914925306
1.1515331578109724,1.8852736689656648
1.1149606899831177,1.8347568926829982
1.0789439768218414,1.7342981909140953
1.0434951373213293,1.8223658631725885
1.008625597034356,1.7182124057258945
0.974346083594727,1.7949040881085845
0.9406666230702545,1.4690508799593558
0.9075965371478986,1.3415782628830502
0.8751444411517226,1.7797085814291356
0.8433182428933264,1.5572442384288119
0.8121251423534409,1.3378317869672005
0.7815716321923681,1.4070115653282593
0.7516634990859864,1.4463727785773537
0.7224058258830672,1.6271696207985076
0.6938029945786618,1.5435878628701485
0.6658586900973833,1.2533538009855107
0.6385759048794244,1.2220197909527817
0.6119569442612375,0.9358609034790648
0.586003432641842,1.3853916756290863
0.5607163204248208,1.4019157598250425
0.5360958917251497,1.5513573333064095
0.5121417728291058,1.2711548809891264
0.48885294139462515,1.285725948968649
0.46622773637860554,1.374174674189422
0.4442638686768129,1.4831323962220972
0.4229584324612028,1.286489302604213
0.40230791719867265,1.024517974073558
0.38230822033445244,0.9783700791013332
0.3629546606225828,1.2953252827097328
0.3442419920851672,1.0199045052839824
0.32616441858135864,1.1124201536018423
0.30871560896634903,1.0667614216531287
0.29188871281992806,1.0948907054254275
0.27567637672354023,0.9241972048990589
0.26007076106412386,1.0827838881125682
0.24506355734242954,1.008909595564607
0.2306460059629168,0.9597075762149102
0.21680891448180065,1.054083266824112
0.20354267628928388,1.1100030042860345
0.19083728970152813,1.1831962108495726
0.17868237743745197,1.0859393324030082
0.16706720645500983,0.9325487805612944
0.15598070812121495,0.7136270442207371
0.1454114986897885,0.5495597359776919
0.13534790005998507,0.6366608593556499
0.12577796078984002,0.764733266719568
0.11668947733680442,0.6152383696684681
0.10807001549850133,0.9605465643545781
0.0999069320261207,0.9133252299791206
0.09218739638280145,0.7489064860245693
0.08489841261920274,0.784888345982628
0.0780268413383651,0.8260332622244891
0.07155942172188104,0.6175074646919396
0.0654827935893602,0.8963839546787344
0.05978351946316097,0.6714390945214699
0.054448106610395855,0.8227495741443945
0.049463029034270495,0.8176934011081386
0.04481474938691692,0.6909615210644804
0.04048974077600456,0.7716620664798901
0.03647450843757888,0.6960125978565633
0.03275561124776791,0.7641542202529124
0.029319683046227035,0.7312174858983786
0.026153453744449964,0.5040854075459411
0.02324377019236966,0.5959408005136638
0.0205776167769939,0.6027885556526013
0.018142135727178085,0.5237694999438439
0.01592464709902448,0.5552745193291007
0.013912668416814915,0.6306080333040247
0.012093933944830888,0.6399852197552007
0.010456413565894591,0.6474804677000734
0.008988331242968634,0.45472779559390525
0.0076781830406886095,0.49731981411993265
0.006514754684265067,0.3792215345900111
0.0054871386337807925,0.3181874404003744
0.004584750652526502,0.3387428159593752
0.0037973458486589224,0.3694778889977018
0.0031150341701325778,0.2754281413003144
0.0025282953335471867,0.38342372639860045
0.002027993168266693,0.3869672382959092
0.0016053893579023352,0.3111106926051925
0.001252156562010179,0.37049176963827435
0.0009603909016316744,0.4404811215414257
0.0007226237931046317,0.36217027969363774
0.0005318331153881024,0.6277035882461821
0.0003814536969796452,0.5808191584477826
0.0002653871093545504,0.6098690904007323
0.00017801075472352837,0.6721472824481588
0.00011418623678693592,0.8521899320561916
6.92670040587553e-05,0.6660421512818989
3.910525624119143e-05,0.46507383836606986
2.005810504982335e-05,0.5003868840057041
8.99298181863405e-06,0.715913963173108
3.292285152813333e-06,0.6223366316779618
8.572628439185999e-07,0.436423370438248
1.1112321554439756e-07,0.38929192359622683
1.372027067831442e-09,0.5367575215665071
1.3720270678310018e-09,0.3555352900229054
1.1112321554438574e-07,0.47278510994784323
8.572628439185805e-07,0.36447817524658965
3.2922851528132784e-06,0.423910884455611
3.292285152813333e-06,0.4079631149140837
8.99298181863405e-06,0.34177064965762505
2.005810504982335e-05,0.3536832552169578
3.910525624119143e-05,0.3792686708466908
6.92670040587553e-05,0.4187082257947628
0.00011418623678693592,0.5666094614572751
0.00017801075472352837,0.5153175241661536
0.0002653871093545504,0.44501781951800695
0.0003814536969796452,0.49999929677807065
0.0005318331153881024,0.526355202362398
0.0007226237931046317,0.526518180665878
0.0009603909016316744,0.415186423011047
0.001252156562010179,0.5194183346997953
0.0016053893579023352,0.5397435344499663
0.002027993168266693,0.4431527654014158
0.0025282953335471867,0.45553547502344044
0.0031150341701325778,0.5456750838553567
0.0037973458486589224,0.466359884980163
0.004584750652526502,0.58658671347377
0.0054871386337807925,0.36314688242468535
0.006514754684265067,0.5590919301358532
0.0076781830406886095,0.36186444810931817
0.008988331242968634,0.4516009819657617
0.010456413565894591,0.40973425776155675
0.012093933944830888,0.3840654406654911
0.013912668416814915,0.4824416811894907
0.01592464709902448,0.5129407009726829
0.018142135727178085,0.5782883017413303
0.0205776167769939,0.5980691465737646
0.02324377019236966,0.3591478134340854
0.026153453744449964,0.356285540871926
0.029319683046227035,0.3755866980797148
0.03275561124776791,0.5731024787015003
0.03647450843757888,0.4586246947007275
0.04048974077600456,0.5833353372352165
0.04481474938691692,0.6137071166395559
0.049463029034270495,0.6685047741740505
0.054448106610395855,0.5201649658234853
0.05978351946316097,0.5001082781799917
0.0654827935893602,0.5753620573618965
0.07155942172188104,0.5406205752618845
0.0780268413383651,0.8405263721821462
0.08489841261920274,0.6323171610989374
0.09218739638280145,0.6009725214520931
0.0999069320261207,0.6606855903362505
0.10807001549850133,0.5735691415395747
0.11668947733680442,0.7955999878387947
0.12577796078984002,0.8041530623067226
0.13534790005998507,0.9499493476606489
0.1454114986897885,0.8340970564093986
0.15598070812121495,0.6832114314143999
0.16706720645500983,0.6197374819101589
0.17868237743745197,0.7133189255798643
0.19083728970152813,0.8400613880791868
0.20354267628928388,0.7091361594380915
0.21680891448180065,0.6648924457747857
0.2306460059629168,0.7069284458620798
0.24506355734242954,0.7673199712235262
0.26007076106412386,0.8207339633152353
0.27567637672354023,1.180874912353817
0.29188871281992806,0.7252097367640976
0.30871560896634903,0.8010006172558285
0.32616441858135864,0.9217364341153035
0.3442419920851672,0.8087725802101455
0.3629546606225828,0.955548259649032
0.38230822033445244,0.8901230577559861
0.40230791719867265,0.9315602857733075
0.4229584324612028,0.919919754823377
0.4442638686768129,1.0978896556749231
0.46622773637860554,1.1340315839524602
0.48885294139462515,1.0484296507458835
0.5121417728291058,0.992765218908607
0.5360958917251497,1.1355240446967374
0.5607163204248208,1.0990726017821244
0.586003432641842,1.0379377316787395
0.6119569442612375,1.283103289492275
0.6385759048794244,0.8732202579746786
0.6658586900973833,1.0302726534558844
0.6938029945786618,1.0967590370933409
0.7224058258830672,1.1700410697765584
0.7516634990859864,1.2183424383913235
0.7815716321923681,1.3055373068079457
0.8121251423534409,1.2325938672725292
0.8433182428933264,1.3347040732827622
0.8751444411517226,1.3073545618386873
0.9075965371478986,1.243055933617659
0.9406666230702545,1.2279920787494434
0.974346083594727,1.2427882883241144
1.008625597034356,1.3107000820016366
1.0434951373213293,1.417829173310728
1.0789439768218414,1.3814087437076419
1.1149606899831177,1.5158943640548206
1.1515331578109724,1.237514082169537
1.1886485731752774,1.3314308327913131
1.2262934469397355,1.2773965119063746
1.2644536149113754,1.6952871589752152
1.3031142456042137,1.4194115048884335
1.342259848810554,1.438016594104041
1.3818742849724248,1.0881769903477647
1.421940775344735,1.1847494959504943
1.462441912940733,1.330974901840798
1.5033596742494593,1.3206466271362134
1.5446754317139446,1.394188086295975
1.586369966957997,1.4765657752715708
1.628423484748522,1.7067500296146623
1.670815627679445,1.5307938893565418
1.7135254915624214,1.497773627361181
1.7565316415086973,1.455860149149128
1.7998121286856312,1.845474815806312
1.8433445077305701,1.5485177168625366
1.8871058548040076,1.39192245778163
1.9310727862631398,1.375661137984859
1.9752214779362294,1.4431734123458493
2.0195276849774038,1.4264848612281917
2.063966762280877,1.5324485381834847
2.1085136854328197,1.4466554320310887
2.153143072178545,1.3570881195923172
2.197829204381947,1.355614847269539
2.242546050453601,1.3613560664956548
2.2872672882233225,1.3385324870665412
2.331966328232438,1.4202988162943373
2.376616337420511,1.3156864319269326
2.4211902631807596,1.4329114667476255
2.46566085775796,1.4080066257800512
2.510000702962184,1.2939492582845562
2.554182235171331,1.7144694936395968
2.5981777705950395,1.8603050261044496
2.641959530772227,2.0441072248256686
2.6854996682742147,2.3724395518421493
2.7287702925850987,2.929708006877484
2.771743496130823,2.7251756223880914
2.814391380428167,2.4985284695079053
2.8566860823247278,2.409949069788908
2.8985998003008095,2.0910733083885273
2.9401048208040326,2.2362752199232765
2.981173544587433,2.391834439613052
3.021778513021734,1.834803737333515
3.061892434352532,1.6702106530084788
3.1014882098731165,1.8305117054119742
3.140538959983744,1.721909572665682
3.17901805010827,1.817780862739634
3.2168991164391953,1.9619677229113086
3.2541560914823173,2.360066497673462
3.290763229372425,1.659959524190153
3.326695130931671,1.7405548898296594
3.3619267684425345,1.629322043329286
3.3964335101076104,1.6280247011518707
3.4301911441687705,1.637986322061498
3.463175902658598,1.667442294497266
3.495364484757433,1.8245321681852815
3.526734079729767,1.9044316180084728
3.55726238941417,1.4922867259078227
3.586927650241472,1.467249162594425
3.615708654756392,1.5744349937105013
3.6435847726183623,1.4373554198948817
3.6705359710579195,1.3547130759978074
3.6965428347655545,1.682505807172922
3.721586585190632,1.6221571330557256
3.7456490992285816,1.68652552256491
3.7687129272752764,1.9090921733522197
3.790761310628224,2.0419417161592675
3.8117781982149035,2.1417923450448786
3.831748262629363,2.0843776523533477
3.850656915458952,2.107796092237935
3.86849032188386,2.141469246894222
3.8852354145329695,2.2750231893683255
3.9008799065803323,2.0148888968976397
3.9154123040674738,1.9993017514747164
3.9288219174375887,1.8700381846004894
3.9410988722685456,1.6528691017061263
3.952234119192594,2.2406849279266567
3.9622194429915196,2.232034646609186
3.9710474708569556,2.0045725364156994
3.9787116798065005,1.9704697027635296
3.985206403247246,1.8646281932078586
3.990526836679283,1.8134915971148664
3.994669042532713,1.9694128641341413
3.997629954132703,1.953371758537955
3.999407378788085,2.0652834958426176
4.0,2.01257353827689
3.999407378788085,1.6269564182210483
3.997629954132703,1.7765271354099457
3.994669042532713,1.8809840786130685
3.990526836679283,2.5443506838721643
3.985206403247246,2.827745013774266
3.9787116798065005,2.196198441675348
3.9710474708569556,2.6717797914635604
3.9622194429915196,2.0546918378347208
3.952234119192594,1.8675732782091832
3.9410988722685456,1.7921962409259766
3.9288219174375887,2.063652811893074
3.9154123040674738,1.9779129180386035
3.9008799065803323,2.9714281033083485
3.8852354145329695,2.3469408760049504
3.86849032188386,1.858254019232502
3.850656915458952,1.7965549877586786
3.831748262629363,1.81677689436346
3.8117781982149035,1.9433423185403311
3.790761310628224,1.9482228766021825
3.7687129272752764,1.8995874020348147
3.7456490992285816,2.019202722677548
3.721586585190632,2.2587852713147143
3.6965428347655545,2.3655270007336564
3.6705359710579195,2.4824825387965754
3.6435847726183623,2.9700353189703783
3.615708654756392,2.411085920363898
3.586927650241472,1.742990539905922
3.55726238941417,1.7068280380388703
3.526734079729767,1.858265067228789
3.495364484757433,1.6597309794225275
3.463175902658598,2.1799618213171317
3.4301911441687705,2.8610922000813037
3.3964335101076104,2.027590579513093
3.3619267684425345,1.9074665871740673
3.326695130931671,1.8814017341281015
3.290763229372425,2.3814012611803737
3.2541560914823173,2.1299815173243815
3.2168991164391953,2.1056647836471623
3.17901805010827,2.7500808339555385
3.140538959983744,2.1219406813448534
3.1014882098731165,1.8055139362857673
3.061892434352532,1.8345590342382179
3.021778513021734,2.1473993163919607
2.981173544587433,2.232776646179086
2.9401048208040326,2.31178545037933
2.8985998003008095,2.642843972044281
2.8566860823247278,2.7242732835963315
2.814391380428167,2.4174198567543392
2.771743496130823,1.7577104896683022
2.7287702925850987,1.7922706707204048
2.6854996682742147,1.6395289909745538
2.641959530772227,1.7965329921202986
2.5981777705950395,1.922058045624207
2.554182235171331,2.2422379595686444
2.510000702962184,2.2855120368831274
2.46566085775796,1.796860359697989
2.4211902631807596,1.8053647655383886
2.376616337420511,1.7193948239880368
2.331966328232438,2.1234309275546606
2.2872672882233225,2.164886210130517
2.242546050453601,1.7463134697992992
2.197829204381947,1.5672684729918656
2.153143072178545,1.748644647306077
2.1085136854328197,1.7618496750161368
2.063966762280877,1.1357670769634494
2.0195276849774038,1.4284428576688395
1.9752214779362294,1.4998952218370045
1.9310727862631398,1.5270576824801163
1.8871058548040076,1.8140357484961827
1.8433445077305701,1.996587426353477
1.7998121286856312,2.035675397023632
1.7565316415086973,2.1545129747217513
1.7135254915624214,1.966189456377622
1.670815627679445,1.8460309746745225
1.628423484748522,1.766143761902357
1.586369966957997,1.5923057268824992
1.5446754317139446,1.5509472887515774
1.5033596742494593,1.565071637923053
1.462441912940733,1.3156029208733475
1.421940775344735,1.5774409886051934
1.3818742849724248,1.6662513243583892
1.342259848810554,1.7178717238647103
1.3031142456042137,1.3666887184263752
1.2644536149113754,1.2608568912065292
1.2262934469397355,1.371543243807824
1.1886485731752774,1.4658406936698292
1.1515331578109724,1.4314057603018193
1.1149606899831177,1.388414310355774
1.0789439768218414,1.4571587636418022
1.0434951373213293,1.5499975323414499
1.008625597034356,1.4664190528804646
0.974346083594727,1.475598317783526
0.9406666230702545,1.2809275512239588
0.9075965371478986,1.2536504230392702
0.8751444411517226,1.2632190410850708
0.8433182428933264,1.4131078968271085
0.8121251423534409,1.4883366791705637
0.7815716321923681,1.5783227549063203
0.7516634990859864,1.3496905053143418
0.7224058258830672,1.2393050372718428
0.6938029945786618,1.2239393120132975
0.6658586900973833,1.2365406673185326
0.6385759048794244,1.250957685678001
0.6119569442612375,1.1087502958106692
0.586003432641842,1.1281615778463028
0.5607163204248208,1.198891294084831
0.5360958917251497,1.1889832310308786
0.5121417728291058,1.1855858774530486
0.48885294139462515,1.357743853603362
0.46622773637860554,1.2851168520324308
0.4442638686768129,1.1329624817290276
0.4229584324612028,1.012784503839092
0.40230791719867265,1.260927953440616
0.38230822033445244,1.3437634652167696
0.3629546606225828,0.8589125970921783
0.3442419920851672,0.9834330851598522
0.32616441858135864,1.1453783385668588
0.30871560896634903,1.1604621315400294
0.29188871281992806,0.8720894953076501
0.27567637672354023,1.0155684952846107
0.26007076106412386,1.0048572306725052
0.24506355734242954,0.9956292933957333
0.2306460059629168,0.7849174291171064
0.21680891448180065,0.958710982763211
0.20354267628928388,0.6613608710217502
0.19083728970152813,0.7880241797093757
0.17868237743745197,0.8244474178906704
0.16706720645500983,0.7220613010463389
0.15598070812121495,0.7821919096214546
0.1454114986897885,0.7326851362946218
0.13534790005998507,0.8260044163615311
0.12577796078984002,0.8602632676694063
0.11668947733680442,0.8830761229973488
0.10807001549850133,0.7486231697690535
0.0999069320261207,0.9206137935283213
0.09218739638280145,0.8750281212236849
0.08489841261920274,0.9671857326972383
0.0780268413383651,0.7803865607577328
0.07155942172188104,0.6210882272248147
0.0654827935893602,0.7965208098246488
0.05978351946316097,0.8161184066466565
0.054448106610395855,0.5490050494418225
0.049463029034270495,0.6367736356701668
0.04481474938691692,0.6527497561398439
0.04048974077600456,0.8764479831201688
0.03647450843757888,0.6563047483922048
0.03275561124776791,0.9420490956535091
0.029319683046227035,0.5857258945662676
0.026153453744449964,0.3670412924982894
0.02324377019236966,0.4471436602013749
0.0205776167769939,0.4992576806931041
0.018142135727178085,0.37433318266624427
0.01592464709902448,0.3855119448761472
0.013912668416814915,0.5290211870240782
0.012093933944830888,0.621644027514102
0.010456413565894591,0.39764449843248995
0.008988331242968634,0.41365556404306764
0.0076781830406886095,0.434362254005266
0.006514754684265067,0.3946905728364592
0.0054871386337807925,0.49275027287295015
0.004584750652526502,0.6100874203371862
0.0037973458486589224,0.3605223149504405
0.0031150341701325778,0.40949776680307015
0.0025282953335471867,0.29758061548833853
0.002027993168266693,0.4445795726051984
0.0016053893579023352,0.45455380120929506
0.001252156562010179,0.6150943564000525
0.0009603909016316744,0.7233599686436668
0.0007226237931046317,0.4037415699011857
0.0005318331153881024,0.6653387356793675
0.0003814536969796452,0.5324431640434457
0.0002653871093545504,0.5484037696044874
0.00017801075472352837,0.5661653120577882
0.00011418623678693592,0.8184790344434091
6.92670040587553e-05,0.2698129788467139
3.910525624119143e-05,0.6932613367766162
2.005810504982335e-05,0.6276515548251286
8.99298181863405e-06,0.532491186056212
3.292285152813333e-06,0.6478466424963706
8.572628439185999e-07,0.522665518272501
1.1112321554439756e-07,0.49559909414742814
1.372027067831442e-09,0.46189298913898874
1.3720270678310018e-09,0.38653546363717517
1.1112321554438574e-07,0.6100823923328687
8.572628439185805e-07,0.6491940870672805
3.292285152813333e-06,0.6106968670649501
8.99298181863405e-06,0.5828717115894138
2.005810504982335e-05,0.6624243476233252
3.910525624119143e-05,0.5264552106999721
6.92670040587553e-05,0.3742329125974722
0.00011418623678693592,0.6025984601794423
0.00017801075472352837,0.48476992500580773
0.0002653871093545504,0.4335967592342281
0.0003814536969796452,0.39972522536869187
0.0005318331153881024,0.4649484323879104
0.0007226237931046317,0.38755250065087005
0.0009603909016316744,0.7183565093898114
0.001252156562010179,0.5567913019194801
0.0016053893579023352,0.689797688544856
0.002027993168266693,0.5899555936272726
0.0025282953335471867,0.5187115395342758
0.0031150341701325778,0.5662757963536069
0.0037973458486589224,0.5807568941560318
0.004584750652526502,0.5629922762380832
0.0054871386337807925,0.5813977176281732
0.006514754684265067,0.5965938366346205
0.0076781830406886095,0.5435251129133138
0.008988331242968634,0.5354215750194089
0.010456413565894591,0.6468843393410212
0.012093933944830888,0.506827708061968
0.013912668416814915,0.4016158043659513
0.01592464709902448,0.5601237613697231
0.018142135727178085,0.7129259774245003
0.0205776167769939,0.6891731559629819
0.02324377019236966,0.683542087411208
0.026153453744449964,0.5542984054965224
0.029319683046227035,0.5273148486395576
0.03275561124776791,0.8202103162080209
0.03647450843757888,0.7011558656532866
0.04048974077600456,0.7932462681942847
0.04481474938691692,0.6880648063561837
0.049463029034270495,0.5573913246146674
0.054448106610395855,0.8594472813672643
0.05978351946316097,0.5682126322519973
0.0654827935893602,0.6367953911636974
0.07155942172188104,0.713582689998486
0.0780268413383651,0.7350145017532944
0.08489841261920274,0.7462954054575671
0.09218739638280145,0.7264963430563217
0.0999069320261207,0.6745641504201851
0.10807001549850133,0.6847250572370495
0.11668947733680442,0.7678590468600968
0.12577796078984002,0.7948672802715551
0.13534790005998507,0.945838816961661
0.1454114986897885,0.6225484330588806
0.15598070812121495,0.8446632447830684
0.16706720645500983,0.850151896576422
0.17868237743745197,1.0958862205080766
0.19083728970152813,0.767132689023413
0.20354267628928388,0.9993243267976989
0.21680891448180065,0.8113050303330979
0.2306460059629168,0.82507261734177
0.24506355734242954,0.9338850970172561
0.26007076106412386,0.9726586683207706
0.27567637672354023,1.0178822613247194
0.29188871281992806,0.9767219509719077
0.30871560896634903,1.0316066977772893
0.32616441858135864,1.0052258465833206
0.3442419920851672,0.9552947055159091
0.3629546606225828,1.1087705515541013
0.38230822033445244,0.8792690797002257
0.40230791719867265,0.9464542270943029
0.4229584324612028,0.9652512978230188
0.4442638686768129,1.009941015515984
0.46622773637860554,0.8896131908047105
0.48885294139462515,1.0638549646113402
0.5121417728291058,1.1338906120740873
0.5360958917251497,1.2433592093289265
0.5607163204248208,1.3529030342228778
0.586003432641842,1.7691021134181397
0.6119569442612375,1.397113878675034
0.6385759048794244,1.4285629234560078
0.6658586900973833,1.4017270307852023
0.6938029945786618,1.06625541128628
0.7224058258830672,1.0244130914944451
0.7516634990859864,1.3705777661118692
0.7815716321923681,1.5612509997481339
0.8121251423534409,1.216403493574707
0.8433182428933264,1.3081290867234032
0.8751444411517226,1.3887739733980977
0.9075965371478986,1.389898927111913
0.9406666230702545,1.234836640230812
0.974346083594727,1.4846761908092831
1.008625597034356,1.2200716625092853
1.0434951373213293,1.3633123199914512
1.0789439768218414,1.4173671162291117
1.1149606899831177,1.4588797679757284
1.1515331578109724,1.4600480897259578
1.1886485731752774,2.2547176590181515
1.2262934469397355,1.933955830948266
1.2644536149113754,1.5004068207421972
1.3031142456042137,1.6636682247028671
1.342259848810554,1.738707874518225
1.3818742849724248,1.6287753569596652
1.421940775344735,1.365915885625506
1.462441912940733,1.329723152939683
1.5033596742494593,1.2393194576644704
1.5446754317139446,1.5254821956471194
1.586369966957997,1.7173704805995258
1.628423484748522,1.761007984788143
1.670815627679445,1.8067367401994696
1.7135254915624214,1.845502285528309
1.7565316415086973,1.5090134626529372
1.7998121286856312,1.2691364280622803
1.8433445077305701,1.5312901367682639
1.8871058548040076,1.8322394388455598
1.9310727862631398,1.671040144299818
1.9752214779362294,1.7457654278494876
2.0195276849774038,1.6319884289026434
2.063966762280877,1.7165946038477489
2.1085136854328197,1.7751081074246533
2.153143072178545,1.610683102889386
2.197829204381947,1.393983825241393
2.242546050453601,1.8101230593536475
2.2872672882233225,1.715843775746244
2.331966328232438,1.641751961593945
2.376616337420511,1.4412969390794317
2.4211902631807596,1.4846222676433274
2.46566085775796,1.912429236534133
2.510000702962184,1.671086102867829
2.554182235171331,1.788244913282993
2.5981777705950395,1.6522131545378962
2.641959530772227,1.7169973014901145
2.6854996682742147,1.764733925952202
2.7287702925850987,1.7609803399570767
2.771743496130823,1.7578922747265813
2.814391380428167,1.6950821080295195
2.8566860823247278,1.6945581807122732
2.8985998003008095,1.8723186009465995
2.9401048208040326,1.8767975709808336
2.981173544587433,1.739394744577182
3.021778513021734,1.7889711080991173
3.061892434352532,2.0024369326534517
3.1014882098731165,1.9980695079913378
3.140538959983744,1.9963641249890776
3.17901805010827,1.978985584720024
3.2168991164391953,2.2690107709027343
3.2541560914823173,2.397685071367773
3.290763229372425,2.473088915175123
3.326695130931671,2.1615464340824664
3.3619267684425345,1.7684496177060725
3.3964335101076104,1.7688199267083233
3.4301911441687705,1.8608813951334755
3.463175902658598,2.617449137131271
3.495364484757433,2.3620983061199805
3.526734079729767,2.0338477872205534
3.55726238941417,1.8758145254507894
3.586927650241472,1.9645343278731315
3.615708654756392,1.7024828645539738
3.6435847726183623,1.9116936219399003
3.6705359710579195,2.258484498915793
3.6965428347655545,1.9029199741503766
3.721586585190632,2.2177648548278452
3.7456490992285816,2.505817276775392
3.7687129272752764,1.8970623451652466
3.790761310628224,1.8317149461258617
3.8117781982149035,2.2081355161101426
3.831748262629363,2.513317168733938
3.850656915458952,2.4959748546534026
3.86849032188386,2.6366819963181243
3.8852354145329695,2.4321419290129787
3.9008799065803323,2.4685529928077425
3.9154123040674738,2.569408203831539
3.9288219174375887,2.7086376729468262
3.9410988722685456,2.14768862774412
3.952234119192594,2.027614232153387
3.9622194429915196,2.4209342896903725
3.9710474708569556,2.0474065421611813
3.9787116798065005,2.293849694950017
3.985206403247246,2.305326826544322
3.990526836679283,2.1369939101652315
3.994669042532713,2.0291571772246613
3.997629954132703,1.9663208610938365
3.999407378788085,1.8763153454987564
4.0,1.9726596312023237
3.999407378788085,2.007231437342224
3.997629954132703,1.9671392024090617
3.994669042532713,1.8708583915948682
3.990526836679283,2.182476074964032
3.985206403247246,2.1607762465700007
3.9787116798065005,1.9629490951905606
3.9710474708569556,1.7618862587602278
3.9622194429915196,1.662442422242196
3.952234119192594,2.0471588841134123
3.9410988722685456,2.1124077531269334
3.9288219174375887,2.2085142097834485
3.9154123040674738,2.4003339174356246
3.9008799065803323,2.2525039575215877
3.8852354145329695,2.486558039556116
3.86849032188386,2.522110547587577
3.850656915458952,2.4091361443586927
3.831748262629363,2.3896956928156223
3.8117781982149035,2.4340829923628275
3.790761310628224,2.3694453910340116
3.7687129272752764,2.366433167392071
3.7456490992285816,2.2839047656232743
3.721586585190632,2.049281646171561
3.6965428347655545,2.245035532271503
3.6705359710579195,2.3391863408491433
3.6435847726183623,2.323524589281286
3.615708654756392,2.724592484965486
3.586927650241472,2.2219715052857305
3.55726238941417,1.7591945136029346
3.526734079729767,1.8362508316351247
3.495364484757433,1.8097576998223261
3.463175902658598,1.9017237497841302
3.4301911441687705,1.8694756624533553
3.3964335101076104,1.9329003749979055
3.3619267684425345,2.1726681455642884
3.326695130931671,2.349656235895975
3.290763229372425,2.3601337560919613
3.2541560914823173,2.3486170112880904
3.2168991164391953,2.3024345483647677
3.17901805010827,2.1151315524642054
3.140538959983744,2.17780115791187
3.1014882098731165,2.1668002235338997
3.061892434352532,2.2421311109901345
3.021778513021734,2.295490148995892
2.981173544587433,2.195057084557759
2.9401048208040326,2.7650351947459773
2.8985998003008095,2.387738337651723
2.8566860823247278,2.4084657153156006
2.814391380428167,2.4756144244267233
2.771743496130823,2.4880066166939874
2.7287702925850987,2.358875810589948
2.6854996682742147,1.7916996886937302
2.641959530772227,1.9794402711040124
2.5981777705950395,2.317687782492351
2.554182235171331,2.140523851290502
2.510000702962184,1.7902713544642175
2.46566085775796,1.9994069933809955
2.4211902631807596,1.9946622792934139
2.376616337420511,1.702524391989145
2.331966328232438,1.7635984571278596
2.2872672882233225,1.7844045622344649
2.242546050453601,1.7849628855467945
2.197829204381947,1.9252960142702864
2.153143072178545,1.775638773939444
2.1085136854328197,1.7846498710424552
2.063966762280877,2.405698249801519
2.0195276849774038,2.0774724011496812
1.9752214779362294,2.013157463525381
1.9310727862631398,1.8788594997668802
1.8871058548040076,2.2454228453677443
1.8433445077305701,2.3387483493481946
1.7998121286856312,2.255288654994733
1.7565316415086973,1.9302085173902122
1.7135254915624214,1.960799758154346
1.670815627679445,1.8360879671033106
1.628423484748522,2.013927555809374
1.586369966957997,1.7800988886998366
1.5446754317139446,1.6752323259991395
1.5033596742494593,1.9168713294015731
1.462441912940733,1.7988610567461534
1.421940775344735,1.631123413950755
1.3818742849724248,1.5264428974198108
1.342259848810554,1.5669327870266156
1.3031142456042137,1.5905160684335635
1.2644536149113754,1.3096860445819136
1.2262934469397355,1.5061627397425452
1.1886485731752774,1.4982901911342508
1.1515331578109724,1.7249524781747152
1.1149606899831177,1.458420570785674
1.0789439768218414,1.3542712585341015
1.0434951373213293,1.8113299216717345
1.008625597034356,1.9470000635962674
0.974346083594727,1.7131590126650058
0.9406666230702545,1.5836095224804296
0.9075965371478986,1.692091806211298
0.8751444411517226,1.541225995104985
0.8433182428933264,1.691885582568876
0.8121251423534409,1.532739236931963
0.7815716321923681,1.3254515128989468
0.7516634990859864,1.0636847327662764
0.7224058258830672,1.3369166933282055
0.6938029945786618,1.2444498712832048
0.6658586900973833,1.228642704344749
0.6385759048794244,1.0840404584783612
0.6119569442612375,1.2653252944003013
0.586003432641842,1.2024821168907782
0.5607163204248208,1.2954732732313958
0.5360958917251497,1.4607646309099536
0.5121417728291058,1.3341565519626104
0.48885294139462515,1.2875554179557764
0.46622773637860554,1.2846463621689874
0.4442638686768129,1.0734310579489492
0.4229584324612028,1.1309596905677342
0.40230791719867265,0.9355561475164863
0.38230822033445244,1.0622578085225014
0.3629546606225828,0.938318017747827
0.3442419920851672,1.0225458564768213
0.32616441858135864,1.2845767471455949
0.30871560896634903,1.202490517034711
0.29188871281992806,1.530374029069973
0.27567637672354023,1.278238414387535
0.26007076106412386,1.0816564552883399
0.24506355734242954,0.9761596966309994
0.2306460059629168,0.8528973316963483
0.21680891448180065,0.9813052661423861
0.20354267628928388,1.2043636584201785
0.19083728970152813,1.0380744943893019
0.17868237743745197,0.9135165052603565
0.16706720645500983,0.7910288221962771
0.15598070812121495,1.210471176568999
0.1454114986897885,1.6464885308509474
0.13534790005998507,1.192461029225525
0.12577796078984002,0.8972652034434132
0.11668947733680442,0.8364481508498928
0.10807001549850133,0.8853933643410948
0.0999069320261207,0.754225543912045
0.09218739638280145,0.5566769861625813
0.08489841261920274,0.7236572387399264
0.0780268413383651,0.9572093920627481
0.07155942172188104,0.6798538306094916
0.0654827935893602,0.5242153759066085
0.05978351946316097,0.706994690627116
0.054448106610395855,0.39824889718315043
0.049463029034270495,0.46068131775286475
0.04481474938691692,0.5384917120515808
0.04048974077600456,0.44366295014530543
0.03647450843757888,0.4348686075263392
0.03275561124776791,0.4666064094875759
0.029319683046227035,0.7652672981093842
0.026153453744449964,0.4881098742598844
0.02324377019236966,0.6726564544170581
0.0205776167769939,0.6892845618993921
0.018142135727178085,0.44540561506511506
0.01592464709902448,0.4497753582325349
0.013912668416814915,0.5784975953665822
0.012093933944830888,0.44445745018775745
0.010456413565894591,0.5674093905930936
0.008988331242968634,1.0675187623325721
0.0076781830406886095,0.9089295499720863
0.006514754684265067,0.8256369512325717
0.0054871386337807925,0.9111584682832822
0.004584750652526502,1.2550093654606973
0.0037973458486589224,0.6166253016772408
0.0031150341701325778,0.7787763965204186
0.0025282953335471867,0.45550490071811417
0.002027993168266693,0.5442520092265497
0.0016053893579023352,0.4703236751391267
0.001252156562010179,0.5514581718238329
0.0009603909016316744,0.3044719465449319
0.0007226237931046317,0.5351227587419325
0.0005318331153881024,0.6793073501079954
0.0003814536969796452,0.511012199992367
0.0002653871093545504,0.8286144625465726
0.00017801075472352837,0.8002120369391998
0.00011418623678693592,1.0272209939170613
6.92670040587553e-05,0.5250219923149649
3.910525624119143e-05,0.5396374622241054
2.005810504982335e-05,0.43784723276954157
8.99298181863405e-06,0.8402825551218347
3.292285152813333e-06,0.7930593587826323
8.572628439185999e-07,0.3895874322284366
1.1112321554439756e-07,0.6821164491127482
1.372027067831442e-09,0.46188987380549074
1.3720270678310018e-09,0.5241121154266452
1.1112321554438574e-07,0.44458696861769664
8.572628439185805e-07,0.25288731541987086
3.292285152813333e-06,0.3559464920751854
8.99298181863405e-06,0.39804253718233323
2.005810504982335e-05,0.6500685212789494
3.910525624119143e-05,0.5360519623696856
6.92670040587553e-05,0.7374730587287901
0.00011418623678693592,0.567730332546929
0.00017801075472352837,0.5164857285460349
0.0002653871093545504,0.3601308278907813
0.0003814536969796452,0.3721284174271845
0.0005318331153881024,0.37843148513674113
0.0007226237931046317,0.4745439247480908
0.0009603909016316744,0.7253683496499317
0.001252156562010179,0.5057796088631202
0.0016053893579023352,0.6420119568949774
0.002027993168266693,0.48200037930249934
0.0025282953335471867,0.4315142123900209
0.0031150341701325778,0.35862459313895634
0.0037973458486589224,0.36135253634420766
0.004584750652526502,0.4008864304550856
0.0054871386337807925,0.4230004023586515
0.006514754684265067,0.4602297385126699
0.0076781830406886095,0.4024032140834144
0.008988331242968634,0.5354875323196003
0.010456413565894591,0.5943872449117986
0.012093933944830888,0.5821919968048925
0.013912668416814915,0.2424670244690006
0.01592464709902448,0.4590904464564652
0.018142135727178085,0.5335096695362851
0.0205776167769939,0.6872614986608674
0.02324377019236966,0.7697673281098119
0.026153453744449964,0.5153540045484818
0.029319683046227035,0.6242919125583806
0.03275561124776791,0.7552918172859218
0.03647450843757888,0.5980213826408726
0.04048974077600456,0.5478884269088894
0.04481474938691692,0.6143880791023851
0.049463029034270495,0.7806308587329849
0.054448106610395855,0.6592289989902006
0.05978351946316097,0.6183542539771156
0.0654827935893602,0.5711549351249974
0.07155942172188104,0.6420550754468255
0.0780268413383651,0.5154526833863164
0.08489841261920274,0.6325325998014503
0.09218739638280145,0.6547257272253679
0.0999069320261207,0.6247064571619876
0.10807001549850133,0.7571679364052715
0.11668947733680442,0.8113355963348855
0.12577796078984002,0.8014715653527327
0.13534790005998507,0.8707913677993866
0.1454114986897885,0.9157566853295418
0.15598070812121495,0.8899011845739307
0.16706720645500983,0.9223573839898433
0.17868237743745197,0.8474011210524327
0.19083728970152813,0.8157090368197523
0.20354267628928388,0.870319409537521
0.21680891448180065,0.791998117131138
0.2306460059629168,0.6499438797823588
0.24506355734242954,0.677361502027619
0.26007076106412386,0.764356486733371
0.27567637672354023,0.8968938174201229
0.29188871281992806,0.8656000471822749
0.30871560896634903,0.9807105853299046
0.32616441858135864,
0.3442419920851672,1.3611489648079216
0.3629546606225828,1.2450482537292709
0.38230822033445244,1.131291836394488
0.40230791719867265,1.1853944329649455
0.4229584324612028,1.0192469400768525
0.4442638686768129,1.098197263390205
0.46622773637860554,1.0800444193654613
0.48885294139462515,1.2393312862360952
0.5121417728291058,1.302698292468586
0.5360958917251497,1.2348486901425797
0.5607163204248208,1.3976198564664943
0.586003432641842,1.2981000165443675
0.6119569442612375,1.2551271097091137
0.6385759048794244,1.30226806706352
0.6658586900973833,1.2492964142952985
0.6938029945786618,1.2610773186241997
0.7224058258830672,1.3853165710500022
0.7516634990859864,1.4450668238645323
0.7815716321923681,1.6281781996231401
0.8121251423534409,1.704008423007629
0.8433182428933264,1.4545617930248562
0.8751444411517226,1.6592629384544895
0.9075965371478986,1.5959607669874014
0.9406666230702545,1.271325844371481
0.974346083594727,1.4160103522867056
1.008625597034356,2.000714713779483
1.0434951373213293,1.7584075499682599
1.0789439768218414,1.6211828867627227
1.1149606899831177,1.5563519721436092
1.1515331578109724,1.6138541826114283
1.1886485731752774,1.321408562719434
1.2262934469397355,1.306854102775181
1.2644536149113754,1.4948553930398238
1.3031142456042137,1.5916493435073178
1.342259848810554,1.93960700581618
1.3818742849724248,1.6476517417062573
1.421940775344735,2.127231215569721
1.462441912940733,1.579879327416959
1.5033596742494593,2.044616364704675
1.5446754317139446,1.9107699887478218
1.586369966957997,1.9922947315409658
1.628423484748522,1.9842783080626694
1.670815627679445,1.7250501381302827
1.7135254915624214,1.5111296661145512
1.7565316415086973,1.4732645817530083
1.7998121286856312,1.6066475064692864
1.8433445077305701,1.925563843680603
1.8871058548040076,2.040515172640653
1.9310727862631398,2.003143634660792
1.9752214779362294,1.9419942784502713
2.0195276849774038,1.9281317793854396
2.063966762280877,2.3093163434667274
2.1085136854328197,2.135358659075874
2.153143072178545,1.8787891451620484
2.197829204381947,2.190494775843822
2.242546050453601,2.4741629620701997
2.2872672882233225,1.9610846650984042
2.331966328232438,1.8991168595887282
2.376616337420511,1.781493274362646
2.4211902631807596,1.8219820599383285
2.46566085775796,1.9823420326204466
2.510000702962184,1.8038247448435405
2.554182235171331,1.848829388747238
2.5981777705950395,1.700308882082088
2.641959530772227,1.6656113124953948
2.6854996682742147,1.5809833646070086
2.7287702925850987,1.7182088666421884
2.771743496130823,1.9148562896183108
2.814391380428167,1.5479913019919243
2.8566860823247278,1.7764217378812315
2.8985998003008095,2.091208850104259
2.9401048208040326,2.4023786116448616
2.981173544587433,2.2127303246382244
3.021778513021734,1.715440174905931
3.061892434352532,1.5945203910788293
3.1014882098731165,1.6095301664189512
3.140538959983744,1.5395870263135656
3.17901805010827,1.738721072158691
3.2168991164391953,2.024664085256755
3.2541560914823173,1.575339299358965
3.290763229372425,1.182816158808957
3.326695130931671,1.6192469684196795
3.3619267684425345,1.6301978887732562
3.3964335101076104,1.6150462052001993
3.4301911441687705,1.5950818357804064
3.463175902658598,1.599670880729496
3.495364484757433,1.3787092513041224
3.526734079729767,1.5742812981306549
3.55726238941417,1.4523381623839495
3.586927650241472,1.4008368792505879
3.615708654756392,1.3924188090278766
3.6435847726183623,1.5349319762770886
3.6705359710579195,1.5115433261880036
3.6965428347655545,1.637903802975947
3.721586585190632,1.4444565125232371
3.7456490992285816,1.3878797673538577
3.7687129272752764,1.8981763519290638
3.790761310628224,1.9175926522794622
3.8117781982149035,1.7455012685136446
3.831748262629363,1.6029227179904209
3.850656915458952,1.7265169434014882
3.86849032188386,2.0650587939462213
3.8852354145329695,1.7676878384928487
3.9008799065803323,1.9209715602351192
3.9154123040674738,2.0659727966480954
3.9288219174375887,2.2106497489416004
3.9410988722685456,2.255351924682804
3.952234119192594,1.9761500720941312
3.9622194429915196,1.711526948829612
3.9710474708569556,1.6790635653885857
3.9787116798065005,1.725375543823678
3.985206403247246,1.811778093540036
3.990526836679283,1.8880496102807924
3.994669042532713,2.2568919087798083
3.997629954132703,1.981490025092375
3.999407378788085,1.988366908866013
4.0,1.710915248930227
3.999407378788085,1.7140002567525578
3.997629954132703,1.686270357008799
3.994669042532713,1.7381239731476634
3.990526836679283,2.0697447128571373
3.985206403247246,1.9621255416529633
3.9787116798065005,1.623395976212703
3.9710474708569556,1.557936040534769
3.9622194429915196,1.6493922875304732
3.952234119192594,1.7843404356545738
3.9410988722685456,1.8048585049993011
3.9288219174375887,1.9243704751558375
3.9154123040674738,2.282445107821272
3.9008799065803323,2.859587022045447
3.8852354145329695,1.9559606430773542
3.86849032188386,1.7043825867702476
3.850656915458952,1.9206365586174363
3.831748262629363,2.0607364900318714
3.8117781982149035,1.7154544225817097
3.790761310628224,1.9442526762388888
3.7687129272752764,2.418492977803022
3.7456490992285816,2.027536114710607
3.721586585190632,2.1883004901413448
3.6965428347655545,1.7887181859575083
3.6705359710579195,1.6299618563815221
3.6435847726183623,2.8009832500640246
3.615708654756392,2.29516394205689
3.586927650241472,1.7226848827891694
3.55726238941417,1.6824351147400196
3.526734079729767,1.965291076226598
3.495364484757433,2.007976923383905
3.463175902658598,2.172182200697779
3.4301911441687705,1.8037781013895449
3.3964335101076104,2.3881400522201695
3.3619267684425345,2.528470394564759
3.326695130931671,2.2576549879058985
3.290763229372425,2.204669221271752
3.2541560914823173,1.9724227695313494
3.2168991164391953,1.952295776334395
3.17901805010827,2.034961368161586
3.140538959983744,2.0548608036840412
3.1014882098731165,1.8330965257529332
3.061892434352532,2.3297957512421577
3.021778513021734,1.7989247993306428
2.981173544587433,1.8267502708841759
2.9401048208040326,1.9855985702071681
2.8985998003008095,1.9129866209922286
2.8566860823247278,1.809759240928436
2.814391380428167,1.7385142497022312
2.771743496130823,1.5350963757719784
2.7287702925850987,1.8685518580136178
2.6854996682742147,2.099835237418762
2.641959530772227,1.8393035700112446
2.5981777705950395,2.0920706282950947
2.554182235171331,2.13517416253224
2.510000702962184,2.1860970044205805
2.46566085775796,2.0858704228064773
2.4211902631807596,2.4409802684515687
2.376616337420511,2.4055500276969264
2.331966328232438,2.379397943903224
2.2872672882233225,2.451912421632729
2.242546050453601,2.458798876222622
2.197829204381947,1.5794295714585351
2.153143072178545,1.6612889970905589
2.1085136854328197,1.6859185932124026
2.063966762280877,1.6191872325185295
2.0195276849774038,1.717584340270951
1.9752214779362294,1.5662393687904332
1.9310727862631398,1.4064263401752386
1.8871058548040076,0.9218955308528166
1.8433445077305701,0.9458815283127844
1.7998121286856312,0.9039808912695444
1.7565316415086973,1.0299390196859441
1.7135254915624214,1.1754509312154864
1.670815627679445,1.0888082924978713
1.628423484748522,1.0622788436117623
1.586369966957997,0.9383946628285075
1.5446754317139446,1.0559150577740952
1.5033596742494593,0.8323565565432263
1.462441912940733,1.238890207020435
1.421940775344735,1.3038459494101404
1.3818742849724248,1.1711455283618581
1.342259848810554,1.049514146111355
1.3031142456042137,1.3861803484650628
1.2644536149113754,1.4132792259238276
1.2262934469397355,1.2477086867768017
1.1886485731752774,1.4576921541834496
1.1515331578109724,1.1627169702945894
1.1149606899831177,1.4157928351499423
1.0789439768218414,1.3075896649694407
1.0434951373213293,1.0890065148030728
1.008625597034356,1.158175151811091
0.974346083594727,1.3572521959343775
0.9406666230702545,1.5446806916677427
0.9075965371478986,1.758555195071392
0.8751444411517226,1.6412981459687408
0.8433182428933264,1.4960743523088254
0.8121251423534409,1.2857362181703105
0.7815716321923681,1.5356003194611587
0.7516634990859864,1.6691522052398227
0.7224058258830672,1.489473766541918
0.6938029945786618,1.232719336593668
0.6658586900973833,1.1570378470895466
0.6385759048794244,1.2291533964076866
0.6119569442612375,1.2294246041298649
0.586003432641842,1.3172578626976648
0.5607163204248208,1.228468204587927
0.5360958917251497,0.765431958823383
0.5121417728291058,1.2989800490548893
0.48885294139462515,1.2743590225112897
0.46622773637860554,1.1094625912991436
0.4442638686768129,1.254514222312177
0.4229584324612028,1.0990374089573858
0.40230791719867265,0.9601266739639861
0.38230822033445244,0.9596620713486593
0.3629546606225828,0.5803024450080067
0.3442419920851672,0.9154846109826174
0.32616441858135864,0.8415804259026447
0.30871560896634903,0.689923707034726
0.29188871281992806,0.7180399233952856
0.27567637672354023,0.5114973311372726
0.26007076106412386,1.1259001589391888
0.24506355734242954,1.1654274691101532
0.2306460059629168,0.8423305485927146
0.21680891448180065,0.3836777646156024
0.20354267628928388,0.7906202260160707
0.19083728970152813,0.6157249459747088
0.17868237743745197,0.6023985160363877
0.16706720645500983,0.8861291629436621
0.15598070812121495,0.7257386954892838
0.1454114986897885,0.880493947682355
0.13534790005998507,0.9365109061288379
0.12577796078984002,0.8848329567270204
0.11668947733680442,0.8410199484159504
0.10807001549850133,0.6919457233050117
0.0999069320261207,0.562003788883095
0.09218739638280145,0.6814912134816649
0.08489841261920274,0.7297267781365464
0.0780268413383651,0.8344693839875743
0.07155942172188104,0.7067832708241187
0.0654827935893602,0.6995662127382959
0.05978351946316097,0.6679863865071736
0.054448106610395855,0.5483976531985105
0.049463029034270495,0.48734881875811464
0.04481474938691692,0.6707546182737463
0.04048974077600456,0.4209884157161793
0.03647450843757888,0.43269021756575327
0.03275561124776791,0.6327113598341348
0.029319683046227035,0.8200864271850928
0.026153453744449964,0.8172098705098042
0.02324377019236966,0.7126346939857121
0.0205776167769939,0.6491599100190213
0.018142135727178085,0.3642275185874449
0.01592464709902448,0.44358430601755205
0.013912668416814915,0.3821995675001785
0.012093933944830888,0.2862547238938653
0.010456413565894591,0.34526174797363374
0.008988331242968634,0.7239580140363537
0.0076781830406886095,0.2811631494000341
0.006514754684265067,0.6207806440096303
0.0054871386337807925,0.5769576760018987
0.004584750652526502,0.6580574038930238
0.0037973458486589224,0.3727314874052407
0.0031150341701325778,0.17121410656798902
0.0025282953335471867,-0.028816728120202303
0.002027993168266693,0.09516483352407543
0.0016053893579023352,0.5885836127099571
0.001252156562010179,0.0541129578956858
0.0009603909016316744,0.2687778279376857
0.0007226237931046317,0.27538097472783546
0.0005318331153881024,0.5340718788029771
0.0003814536969796452,0.5709406238768516
0.0002653871093545504,0.5504412236169871
0.00017801075472352837,0.6716064143791032
0.00011418623678693592,0.30920253768029243
6.92670040587553e-05,0.5640618974532718
3.910525624119143e-05,0.5457071252964732
2.005810504982335e-05,0.6219484651920231
8.99298181863405e-06,0.6650055211535071
3.292285152813333e-06,0.6688357480939457
8.572628439185999e-07,0.6451624676131671
1.1112321554439756e-07,0.6748007479125813
1.372027067831442e-09,0.6203496713609219
1.3720270678310018e-09,0.4660467041895747
1.1112321554438574e-07,0.7096942110092899
8.572628439185805e-07,0.5066967651836054
3.292285152813333e-06,0.5881793715727057
8.99298181863405e-06,0.5935393510424763
2.005810504982335e-05,0.5418039075368715
3.910525624119143e-05,-0.16768223457135759
6.92670040587553e-05,0.32192065682502835
0.00011418623678693592,0.43092243597453217
0.00017801075472352837,0.5286729959728704
0.0002653871093545504,0.6187389119894202
0.0003814536969796452,0.8281011457432826
0.0005318331153881024,0.5874889164766337
0.0007226237931046317,0.7136212006169341
0.0009603909016316744,0.5373554326634625
0.001252156562010179,0.8549548188454149
0.0016053893579023352,0.6776186921366879
0.002027993168266693,0.31762741597436145
0.0025282953335471867,0.502468372365825
0.0031150341701325778,0.47984649089851616
0.0037973458486589224,0.7730935588636034
0.004584750652526502,0.3895977414884594
0.0054871386337807925,0.6167588485871005
0.006514754684265067,0.6275079844332165
0.0076781830406886095,0.6424947405991152
0.008988331242968634,0.7601340058058761
0.010456413565894591,0.8513871038674531
0.012093933944830888,0.9527534604903825
0.013912668416814915,0.9049492419813205
0.01592464709902448,0.7698216841675166
0.018142135727178085,0.6904695119629863
0.0205776167769939,0.38983393905044406
0.02324377019236966,0.4461198744449847
0.026153453744449964,0.2109385364092298
0.029319683046227035,0.771230527204646
0.03275561124776791,0.7547751965918355
0.03647450843757888,0.7544183271507984
0.04048974077600456,0.8357946338796391
0.04481474938691692,0.7936512923952688
0.049463029034270495,0.5602151444815625
0.054448106610395855,0.5412268034385876
0.05978351946316097,0.5092769438713781
0.0654827935893602,0.055778762395518676
0.07155942172188104,0.46055215108928493
0.0780268413383651,0.4132381689357786
0.08489841261920274,0.669180142403848
0.09218739638280145,0.7885717946659268
0.0999069320261207,0.630661572631053
0.10807001549850133,0.7036664034672203
0.11668947733680442,0.6762511395014927
0.12577796078984002,0.7816817500442524
0.13534790005998507,1.0349016384952552
0.1454114986897885,0.889749513734983
0.15598070812121495,0.9520850473623784
0.16706720645500983,1.1622371379856475
0.17868237743745197,0.859546965495583
0.19083728970152813,0.702502217666147
0.20354267628928388,0.5881532985527211
0.21680891448180065,0.7747588452496069
0.2306460059629168,0.6425690118749482
0.24506355734242954,0.5788874306482019
0.26007076106412386,0.7267625804007368
0.27567637672354023,0.7748150967168842
0.29188871281992806,0.8181246801635953
0.30871560896634903,0.903771000898973
0.32616441858135864,0.7239729757111114
0.3442419920851672,0.7324753941579363
0.3629546606225828,0.9923563603857014
0.38230822033445244,1.0195364697863012
0.40230791719867265,0.8088671126281276
0.4229584324612028,0.9648352692311462
0.4442638686768129,0.9003220946038589
0.46622773637860554,0.9264190966692455
0.48885294139462515,0.9936964372054377
0.5121417728291058,1.194264471660275
0.5360958917251497,1.1869664368367396
0.5607163204248208,1.282235369976598
0.586003432641842,1.1964243560557057
0.6119569442612375,1.2062139099364804
0.6385759048794244,1.3910618834204398
0.6658586900973833,1.5529422906275427
0.6938029945786618,1.566710570309064
0.7224058258830672,1.303246602623883
0.7516634990859864,1.2052742224506676
0.7815716321923681,1.6164349295356693
0.8121251423534409,1.5547249607032785
0.8433182428933264,1.2851469327871943
0.8751444411517226,0.8761056239542627
0.9075965371478986,1.1866939959238647
0.9406666230702545,1.3485280938166
0.974346083594727,1.4046483367768527
1.008625597034356,1.4359257281910642
1.0434951373213293,1.3591102792395686
1.0789439768218414,1.1769010605586623
1.1149606899831177,1.3816289914717257
1.1515331578109724,1.4080153492886998
1.1886485731752774,1.5473501668172185
1.2262934469397355,1.523511166508119
1.2644536149113754,1.7360966575842256
1.3031142456042137,1.7601317104347614
1.342259848810554,1.7230728619936029
1.3818742849724248,1.7985494673877125
1.421940775344735,1.7203658533637691
1.462441912940733,1.8598597752564696
1.5033596742494593,1.7791588552916153
1.5446754317139446,1.7450664171505745
1.586369966957997,1.9191315332570005
1.628423484748522,1.9047412248955025
1.670815627679445,1.9781748421865404
1.7135254915624214,2.034619189560271
1.7565316415086973,1.5847543033601572
1.7998121286856312,1.4070528367443078
1.8433445077305701,1.4455742188914487
1.8871058548040076,1.4574530893707482
1.9310727862631398,1.4777511777291046
1.9752214779362294,1.3082667726181487
2.0195276849774038,1.9173046563592566
2.063966762280877,1.8841118963152321
2.1085136854328197,1.821533604530363
2.153143072178545,1.5220333117024036
2.197829204381947,1.8164346045102029
2.242546050453601,1.500822768496168
2.2872672882233225,1.4476909416010462
2.331966328232438,1.958420201266471
2.376616337420511,1.9452578491388868
2.4211902631807596,1.999267337277997
2.46566085775796,1.8638230954330166
2.510000702962184,2.053794523043317
2.554182235171331,2.423083596827874
2.5981777705950395,2.1899052072933425
2.641959530772227,1.6930725609311748
2.6854996682742147,1.778257576364368
2.7287702925850987,1.8790197782885514
2.771743496130823,1.9343480801352504
2.814391380428167,2.054650372029634
2.8566860823247278,2.0097694332690037
2.8985998003008095,1.8511052689258514
2.9401048208040326,2.3463182085986802
2.981173544587433,2.2613323513776544
3.021778513021734,2.3478601116572992
3.061892434352532,1.9707956093735217
3.1014882098731165,2.0677131145091505
3.140538959983744,1.7062980060891149
3.17901805010827,2.1556284824894125
3.2168991164391953,2.3286307082495172
3.2541560914823173,2.101742182895718
3.290763229372425,2.1499917478818937
3.326695130931671,1.9193979503002365
3.3619267684425345,1.7966683958279335
3.3964335101076104,1.8590563687074997
3.4301911441687705,1.9794209495198627
3.463175902658598,1.8475850793924242
3.495364484757433,1.8101598668040664
3.526734079729767,1.9451336999419235
3.55726238941417,1.9209438970265762
3.586927650241472,1.8588252008300978
3.615708654756392,1.8675574368306707
3.6435847726183623,1.651694204843055
3.6705359710579195,2.0497107306448714
3.6965428347655545,2.214809683815061
3.721586585190632,2.647154098942814
3.7456490992285816,2.364038599737947
3.7687129272752764,2.032088771398978
3.790761310628224,2.2417916059839396
3.8117781982149035,1.761052581482323
3.831748262629363,1.3689463095384309
3.850656915458952,1.351994249851383
3.86849032188386,1.4487224402467698
3.8852354145329695,1.8045452146650496
3.9008799065803323,2.0237713278001754
3.9154123040674738,1.8608040376991846
3.9288219174375887,1.729311586863962
3.9410988722685456,1.739757994440177
3.952234119192594,2.1376506328206957
3.9622194429915196,2.3467913959008517
3.9710474708569556,1.946458118398039
3.9787116798065005,1.9284724156870687
3.985206403247246,1.9434949524596727
3.990526836679283,1.7801589659384176
3.994669042532713,1.7957974173097795
3.997629954132703,2.020661321148003
3.999407378788085,1.8313725922347015
4.0,1.5754900694264726
3.999407378788085,2.0932204529662424
3.997629954132703,1.8899216279827713
3.994669042532713,1.9647894040569944
3.990526836679283,1.7620395679665952
3.985206403247246,1.777272971043618
3.9787116798065005,2.1027675193534003
3.9710474708569556,2.3057892598868786
3.9622194429915196,1.8342225497298899
3.952234119192594,1.8003964640112302
3.9410988722685456,1.6169728066630216
3.9288219174375887,1.5990702646565012
3.9154123040674738,1.8710716765292703
3.9008799065803323,1.7544040099920628
3.8852354145329695,2.067368654476712
3.86849032188386,1.7260176699927938
3.850656915458952,1.6064463273877325
3.831748262629363,2.4449422524996915
3.8117781982149035,2.1130190253401597
3.790761310628224,1.7250210213782216
3.7687129272752764,2.067091469338315
3.7456490992285816,2.3051972268614755
3.721586585190632,3.1698567940857885
3.6965428347655545,2.524443140427443
3.6705359710579195,1.748056868330482
3.6435847726183623,2.0780839218820564
3.615708654756392,2.280902102353263
3.586927650241472,2.2386195159715814
3.55726238941417,1.8458331402138204
3.526734079729767,2.0459684295367584
3.495364484757433,2.0038686571697144
3.463175902658598,2.25363665847942
3.4301911441687705,2.4636374854663905
3.3964335101076104,2.379188327289668
3.3619267684425345,2.4742246003844253
3.326695130931671,2.639018590663816
3.290763229372425,1.8053048772963602
3.2541560914823173,1.8254089740853532
3.2168991164391953,2.096090093469085
3.17901805010827,2.3803651931010315
3.140538959983744,2.4045118059153574
3.1014882098731165,2.352234635311532
3.061892434352532,2.3668601277891796
3.021778513021734,2.354303246210005
2.981173544587433,2.4046655791270073
2.9401048208040326,2.1080961505803533
2.8985998003008095,1.9443197732864317
2.8566860823247278,1.7771516853788385
2.814391380428167,1.6308983755109934
2.771743496130823,1.7332505041885071
2.7287702925850987,1.8429101133767427
2.6854996682742147,2.040148202355196
2.641959530772227,1.8334420198607442
2.5981777705950395,1.7263456465664677
2.554182235171331,1.8280439926857157
2.510000702962184,1.8055801791944621
2.46566085775796,1.8168684356686053
2.4211902631807596,1.7331344012294863
2.376616337420511,1.6973879228612667
2.331966328232438,1.6713733025994049
2.2872672882233225,1.557033952011833
2.242546050453601,1.6391012212429408
2.197829204381947,1.651957354092706
2.153143072178545,1.592647105587059
2.1085136854328197,1.7138277901823316
2.063966762280877,1.691509103972935
2.0195276849774038,1.6114579928954045
1.9752214779362294,1.4979186628386352
1.9310727862631398,1.4675729621243274
1.8871058548040076,1.559176222142424
1.8433445077305701,1.612898760782408
1.7998121286856312,1.7992558803704515
1.7565316415086973,1.8782940913961192
1.7135254915624214,1.9524632352135018
1.670815627679445,1.8619151947840826
1.628423484748522,1.4934005570685616
1.586369966957997,1.8782015950928166
1.5446754317139446,1.7577072909373181
1.5033596742494593,1.6558778949524056
1.462441912940733,1.6591258762209258
1.421940775344735,1.6083215901953178
1.3818742849724248,1.4570159437251868
1.342259848810554,1.4400295691457259
1.3031142456042137,1.1262941688350907
1.2644536149113754,1.3950363750064971
1.2262934469397355,1.2786632720065993
1.1886485731752774,1.450381433018755
1.1515331578109724,1.625358689057732
1.1149606899831177,1.7750469647988265
1.0789439768218414,1.8291592216355026
1.0434951373213293,1.7649914091189687
1.008625597034356,1.6849921836903603
0.974346083594727,1.5037579893508237
0.9406666230702545,1.2759126223113784
0.9075965371478986,1.333437883863681
0.8751444411517226,1.59774267113473
0.8433182428933264,1.8303463084442617
0.8121251423534409,1.5017672077575768
0.7815716321923681,1.5969357660733816
0.7516634990859864,1.4686399662717464
0.7224058258830672,1.599841291563416
0.6938029945786618,1.5944302177037328
0.6658586900973833,1.3658874194807056
0.6385759048794244,1.476988336960083
0.6119569442612375,1.3748315220256626
0.586003432641842,1.2680219719800527
0.5607163204248208,1.2184439692464042
0.5360958917251497,1.1986537044997454
0.5121417728291058,1.09186374292441
0.48885294139462515,0.9409925777068214
0.46622773637860554,1.1375245755373027
0.4442638686768129,1.0851999983522567
0.4229584324612028,1.1296863736796283
0.40230791719867265,1.2343057560124164
0.38230822033445244,1.2667198113807205
0.3629546606225828,1.1544748423099915
0.3442419920851672,1.0089463004407935
0.32616441858135864,0.9472806441181242
0.30871560896634903,0.973878412091729
0.29188871281992806,0.4522061231709659
0.27567637672354023,0.9105754225345081
0.26007076106412386,0.6450219932013196
0.24506355734242954,0.8904653012013668
0.2306460059629168,0.8557640155028843
0.21680891448180065,1.0642383080662132
0.20354267628928388,1.1076612557046042
0.19083728970152813,0.9278371320760391
0.17868237743745197,0.8542561694681757
0.16706720645500983,0.6922155778691533
0.15598070812121495,0.8403010696294924
0.1454114986897885,0.9078898221495573
0.13534790005998507,0.7804212691413416
0.12577796078984002,0.8301043956517588
0.11668947733680442,0.8313238528799541
0.10807001549850133,0.7797588533213442
0.0999069320261207,0.7458971596020244
0.09218739638280145,0.717136440259508
0.08489841261920274,0.8068413640971697
0.0780268413383651,0.7877606569628023
0.07155942172188104,0.7361522084912242
0.0654827935893602,0.5707881365438625
0.05978351946316097,0.6864233326122197
0.054448106610395855,0.7727843644985956
0.049463029034270495,0.8921098586615543
0.04481474938691692,0.7955815901080091
0.04048974077600456,0.6411866817800664
0.03647450843757888,0.5441344276081517
0.03275561124776791,0.46783396963406554
0.029319683046227035,0.6233984347306318
0.026153453744449964,0.02200227960094068
0.02324377019236966,0.034191714252834154
0.0205776167769939,0.2944420898945674
0.018142135727178085,0.06127084839422213
0.01592464709902448,0.19869699876162847
0.013912668416814915,0.45218083067921494
0.012093933944830888,0.4308103420747217
0.010456413565894591,0.3074864566439077
0.008988331242968634,0.3434939948399854
0.0076781830406886095,0.49173815325929554
0.006514754684265067,0.31150677146922445
0.0054871386337807925,0.4342574744680182
0.004584750652526502,0.3994107173908491
0.0037973458486589224,0.33624474659759995
0.0031150341701325778,0.37167993560235785
0.0025282953335471867,0.3582213071944663
0.002027993168266693,0.4329144732672567
0.0016053893579023352,0.7372150682978929
0.001252156562010179,0.5587163071353095
0.0009603909016316744,0.6281819162131824
0.0007226237931046317,0.46753254845613484
0.0005318331153881024,0.5063660487829119
0.0003814536969796452,0.6533168545533895
0.0002653871093545504,0.5025951903493522
0.00017801075472352837,0.7050844665231619
0.00011418623678693592,0.4729048313710063
6.92670040587553e-05,0.4955386712090921
3.910525624119143e-05,0.49776386822291596
2.005810504982335e-05,0.581874703522746
8.99298181863405e-06,0.404163523674349
3.292285152813333e-06,0.6016946630458518
8.572628439185999e-07,0.6561190653075029
1.1112321554439756e-07,0.5397283395460097
1.372027067831442e-09,0.7481257004338355
1.3720270678310018e-09,0.6518241449534541
1.1112321554438574e-07,0.2952018994799526
8.572628439185805e-07,0.6418813392972444
