;fid;date;values;trend
0;1.0;2015-10-01;;
1;1.0;2015-11-01;;
2;1.0;2015-12-01;;
3;1.0;2016-01-01;;
4;1.0;2016-02-01;;
5;1.0;2016-03-01;;
6;1.0;2016-04-01;;
7;1.0;2016-05-01;;
8;1.0;2016-06-01;;
9;1.0;2016-07-01;;
10;1.0;2016-08-01;;
11;1.0;2016-09-01;;
12;1.0;2016-10-01;;
13;1.0;2016-11-01;;
14;1.0;2016-12-01;;
15;1.0;2017-01-01;;
16;1.0;2017-02-01;;
17;1.0;2017-03-01;;
18;1.0;2017-04-01;;
19;1.0;2017-05-01;;
20;1.0;2017-06-01;;
21;1.0;2017-07-01;;
22;1.0;2017-08-01;;
23;1.0;2017-09-01;;
24;1.0;2017-10-01;;
25;1.0;2017-11-01;;
26;1.0;2017-12-01;;
27;1.0;2018-01-01;;
28;1.0;2018-02-01;;
29;1.0;2018-03-01;;
30;1.0;2018-04-01;;
31;1.0;2018-05-01;;
32;1.0;2018-06-01;;
33;1.0;2018-07-01;;
34;1.0;2018-08-01;;
35;1.0;2018-09-01;;
36;1.0;2018-10-01;;
37;1.0;2018-11-01;;
38;1.0;2018-12-01;;
39;1.0;2019-01-01;;
40;1.0;2019-02-01;;
41;1.0;2019-03-01;;
42;1.0;2019-04-01;;
43;1.0;2019-05-01;;
44;1.0;2019-06-01;;
45;1.0;2019-07-01;;
46;1.0;2019-08-01;;
47;1.0;2019-09-01;;
48;1.0;2019-10-01;;
49;1.0;2019-11-01;;
50;1.0;2019-12-01;;
51;1.0;2020-01-01;;
52;1.0;2020-02-01;;
53;1.0;2020-03-01;;
54;1.0;2020-04-01;;
55;1.0;2020-05-01;;
56;1.0;2020-06-01;;
57;1.0;2020-07-01;;
58;1.0;2020-08-01;;
59;1.0;2020-09-01;;
60;1.0;2020-10-01;;
61;1.0;2020-11-01;;
62;1.0;2020-12-01;;
63;1.0;2021-01-01;;
64;1.0;2021-02-01;;
65;1.0;2021-03-01;;
66;1.0;2021-04-01;;
67;1.0;2021-05-01;;
68;1.0;2021-06-01;;
69;1.0;2021-07-01;;
70;1.0;2021-08-01;;
71;1.0;2021-09-01;;
72;1.0;2021-10-01;;
73;1.0;2021-11-01;;
74;1.0;2021-12-01;;
75;1.0;2022-01-01;;
76;1.0;2022-02-01;;
77;1.0;2022-03-01;;
78;1.0;2022-04-01;;
79;1.0;2022-05-01;;
80;1.0;2022-06-01;;
81;1.0;2022-07-01;;
82;1.0;2022-08-01;;
83;1.0;2022-09-01;;
84;1.0;2022-10-01;;
85;1.0;2022-11-01;;
86;1.0;2022-12-01;;
87;1.0;2023-01-01;;
88;1.0;2023-02-01;;
89;1.0;2023-03-01;;
90;1.0;2023-04-01;;
91;1.0;2023-05-01;;
92;1.0;2023-06-01;;
93;1.0;2023-07-01;;
94;1.0;2023-08-01;;
95;1.0;2023-09-01;;
96;1.0;2023-10-01;;
97;1.0;2023-11-01;;
98;1.0;2023-12-01;;
99;1.0;2024-01-01;;
100;1.0;2024-02-01;;
101;1.0;2024-03-01;;
102;1.0;2024-04-01;;
103;1.0;2024-05-01;;
104;1.0;2024-06-01;;
105;1.0;2024-07-01;;
106;1.0;2024-08-01;;
107;1.0;2024-09-01;;
108;1.0;2024-10-01;;
109;1.0;2024-11-01;;
110;1.0;2024-12-01;;
111;1.0;2025-01-01;;
112;1.0;2025-02-01;;
113;1.0;2025-03-01;;
114;1.0;2025-04-01;;
115;1.0;2025-05-01;;
116;1.0;2025-06-01;;
117;1.0;2025-07-01;;
118;1.0;2025-08-01;;
119;1.0;2025-09-01;;
120;2.0;2015-10-01;;
121;2.0;2015-11-01;;
122;2.0;2015-12-01;;
123;2.0;2016-01-01;;
124;2.0;2016-02-01;;
125;2.0;2016-03-01;;
126;2.0;2016-04-01;;
127;2.0;2016-05-01;;
128;2.0;2016-06-01;;
129;2.0;2016-07-01;;
130;2.0;2016-08-01;;
131;2.0;2016-09-01;;
132;2.0;2016-10-01;;
133;2.0;2016-11-01;;
134;2.0;2016-12-01;;
135;2.0;2017-01-01;;
136;2.0;2017-02-01;;
137;2.0;2017-03-01;;
138;2.0;2017-04-01;;
139;2.0;2017-05-01;;
140;2.0;2017-06-01;;
141;2.0;2017-07-01;;
142;2.0;2017-08-01;;
143;2.0;2017-09-01;;
144;2.0;2017-10-01;;
145;2.0;2017-11-01;;
146;2.0;2017-12-01;;
147;2.0;2018-01-01;;
148;2.0;2018-02-01;;
149;2.0;2018-03-01;;
150;2.0;2018-04-01;;
151;2.0;2018-05-01;;
152;2.0;2018-06-01;;
153;2.0;2018-07-01;;
154;2.0;2018-08-01;;
155;2.0;2018-09-01;;
156;2.0;2018-10-01;;
157;2.0;2018-11-01;;
158;2.0;2018-12-01;;
159;2.0;2019-01-01;;
160;2.0;2019-02-01;;
161;2.0;2019-03-01;;
162;2.0;2019-04-01;;
163;2.0;2019-05-01;;
164;2.0;2019-06-01;;
165;2.0;2019-07-01;;
166;2.0;2019-08-01;;
167;2.0;2019-09-01;;
168;2.0;2019-10-01;;
169;2.0;2019-11-01;;
170;2.0;2019-12-01;;
171;2.0;2020-01-01;;
172;2.0;2020-02-01;;
173;2.0;2020-03-01;;
174;2.0;2020-04-01;;
175;2.0;2020-05-01;;
176;2.0;2020-06-01;;
177;2.0;2020-07-01;;
178;2.0;2020-08-01;;
179;2.0;2020-09-01;;
180;2.0;2020-10-01;;
181;2.0;2020-11-01;;
182;2.0;2020-12-01;;
183;2.0;2021-01-01;;
184;2.0;2021-02-01;;
185;2.0;2021-03-01;;
186;2.0;2021-04-01;;
187;2.0;2021-05-01;;
188;2.0;2021-06-01;;
189;2.0;2021-07-01;;
190;2.0;2021-08-01;;
191;2.0;2021-09-01;;
192;2.0;2021-10-01;;
193;2.0;2021-11-01;;
194;2.0;2021-12-01;;
195;2.0;2022-01-01;;
196;2.0;2022-02-01;;
197;2.0;2022-03-01;;
198;2.0;2022-04-01;;
199;2.0;2022-05-01;;
200;2.0;2022-06-01;;
201;2.0;2022-07-01;;
202;2.0;2022-08-01;;
203;2.0;2022-09-01;;
204;2.0;2022-10-01;;
205;2.0;2022-11-01;;
206;2.0;2022-12-01;;
207;2.0;2023-01-01;;
208;2.0;2023-02-01;;
209;2.0;2023-03-01;;
210;2.0;2023-04-01;;
211;2.0;2023-05-01;;
212;2.0;2023-06-01;;
213;2.0;2023-07-01;;
214;2.0;2023-08-01;;
215;2.0;2023-09-01;;
216;2.0;2023-10-01;;
217;2.0;2023-11-01;;
218;2.0;2023-12-01;;
219;2.0;2024-01-01;;
220;2.0;2024-02-01;;
221;2.0;2024-03-01;;
222;2.0;2024-04-01;;
223;2.0;2024-05-01;;
224;2.0;2024-06-01;;
225;2.0;2024-07-01;;
226;2.0;2024-08-01;;
227;2.0;2024-09-01;;
228;2.0;2024-10-01;;
229;2.0;2024-11-01;;
230;2.0;2024-12-01;;
231;2.0;2025-01-01;;
232;2.0;2025-02-01;;
233;2.0;2025-03-01;;
234;2.0;2025-04-01;;
235;2.0;2025-05-01;;
236;2.0;2025-06-01;;
237;2.0;2025-07-01;;
238;2.0;2025-08-01;;
239;2.0;2025-09-01;;
240;3.0;2015-10-01;;
241;3.0;2015-11-01;;
242;3.0;2015-12-01;;
243;3.0;2016-01-01;;
244;3.0;2016-02-01;;
245;3.0;2016-03-01;;
246;3.0;2016-04-01;;
247;3.0;2016-05-01;;
248;3.0;2016-06-01;;
249;3.0;2016-07-01;;
250;3.0;2016-08-01;;
251;3.0;2016-09-01;;
252;3.0;2016-10-01;;
253;3.0;2016-11-01;;
254;3.0;2016-12-01;;
255;3.0;2017-01-01;;
256;3.0;2017-02-01;;
257;3.0;2017-03-01;;
258;3.0;2017-04-01;;
259;3.0;2017-05-01;;
260;3.0;2017-06-01;;
261;3.0;2017-07-01;;
262;3.0;2017-08-01;;
263;3.0;2017-09-01;;
264;3.0;2017-10-01;;
265;3.0;2017-11-01;;
266;3.0;2017-12-01;;
267;3.0;2018-01-01;;
268;3.0;2018-02-01;;
269;3.0;2018-03-01;;
270;3.0;2018-04-01;;
271;3.0;2018-05-01;;
272;3.0;2018-06-01;;
273;3.0;2018-07-01;;
274;3.0;2018-08-01;;
275;3.0;2018-09-01;;
276;3.0;2018-10-01;;
277;3.0;2018-11-01;;
278;3.0;2018-12-01;;
279;3.0;2019-01-01;;
280;3.0;2019-02-01;;
281;3.0;2019-03-01;;
282;3.0;2019-04-01;;
283;3.0;2019-05-01;;
284;3.0;2019-06-01;;
285;3.0;2019-07-01;;
286;3.0;2019-08-01;;
287;3.0;2019-09-01;;
288;3.0;2019-10-01;;
289;3.0;2019-11-01;;
290;3.0;2019-12-01;;
291;3.0;2020-01-01;;
292;3.0;2020-02-01;;
293;3.0;2020-03-01;;
294;3.0;2020-04-01;;
295;3.0;2020-05-01;;
296;3.0;2020-06-01;;
297;3.0;2020-07-01;;
298;3.0;2020-08-01;;
299;3.0;2020-09-01;;
300;3.0;2020-10-01;;
301;3.0;2020-11-01;;
302;3.0;2020-12-01;;
303;3.0;2021-01-01;;
304;3.0;2021-02-01;;
305;3.0;2021-03-01;;
306;3.0;2021-04-01;;
307;3.0;2021-05-01;;
308;3.0;2021-06-01;;
309;3.0;2021-07-01;;
310;3.0;2021-08-01;;
311;3.0;2021-09-01;;
312;3.0;2021-10-01;;
313;3.0;2021-11-01;;
314;3.0;2021-12-01;;
315;3.0;2022-01-01;;
316;3.0;2022-02-01;;
317;3.0;2022-03-01;;
318;3.0;2022-04-01;;
319;3.0;2022-05-01;;
320;3.0;2022-06-01;;
321;3.0;2022-07-01;;
322;3.0;2022-08-01;;
323;3.0;2022-09-01;;
324;3.0;2022-10-01;;
325;3.0;2022-11-01;;
326;3.0;2022-12-01;;
327;3.0;2023-01-01;;
328;3.0;2023-02-01;;
329;3.0;2023-03-01;;
330;3.0;2023-04-01;;
331;3.0;2023-05-01;;
332;3.0;2023-06-01;;
333;3.0;2023-07-01;;
334;3.0;2023-08-01;;
335;3.0;2023-09-01;;
336;3.0;2023-10-01;;
337;3.0;2023-11-01;;
338;3.0;2023-12-01;;
339;3.0;2024-01-01;;
340;3.0;2024-02-01;;
341;3.0;2024-03-01;;
342;3.0;2024-04-01;;
343;3.0;2024-05-01;;
344;3.0;2024-06-01;;
345;3.0;2024-07-01;;
346;3.0;2024-08-01;;
347;3.0;2024-09-01;;
348;3.0;2024-10-01;;
349;3.0;2024-11-01;;
350;3.0;2024-12-01;;
351;3.0;2025-01-01;;
352;3.0;2025-02-01;;
353;3.0;2025-03-01;;
354;3.0;2025-04-01;;
355;3.0;2025-05-01;;
356;3.0;2025-06-01;;
357;3.0;2025-07-01;;
358;3.0;2025-08-01;;
359;3.0;2025-09-01;;
360;4.0;2015-10-01;;
361;4.0;2015-11-01;;
362;4.0;2015-12-01;;
363;4.0;2016-01-01;;
364;4.0;2016-02-01;;
365;4.0;2016-03-01;;
366;4.0;2016-04-01;;
367;4.0;2016-05-01;;
368;4.0;2016-06-01;;
369;4.0;2016-07-01;;
370;4.0;2016-08-01;;
371;4.0;2016-09-01;;
372;4.0;2016-10-01;;
373;4.0;2016-11-01;;
374;4.0;2016-12-01;;
375;4.0;2017-01-01;;
376;4.0;2017-02-01;;
377;4.0;2017-03-01;;
378;4.0;2017-04-01;;
379;4.0;2017-05-01;;
380;4.0;2017-06-01;;
381;4.0;2017-07-01;;
382;4.0;2017-08-01;;
383;4.0;2017-09-01;;
384;4.0;2017-10-01;;
385;4.0;2017-11-01;;
386;4.0;2017-12-01;;
387;4.0;2018-01-01;;
388;4.0;2018-02-01;;
389;4.0;2018-03-01;;
390;4.0;2018-04-01;;
391;4.0;2018-05-01;;
392;4.0;2018-06-01;;
393;4.0;2018-07-01;;
394;4.0;2018-08-01;;
395;4.0;2018-09-01;;
396;4.0;2018-10-01;;
397;4.0;2018-11-01;;
398;4.0;2018-12-01;;
399;4.0;2019-01-01;;
400;4.0;2019-02-01;;
401;4.0;2019-03-01;;
402;4.0;2019-04-01;;
403;4.0;2019-05-01;;
404;4.0;2019-06-01;;
405;4.0;2019-07-01;;
406;4.0;2019-08-01;;
407;4.0;2019-09-01;;
408;4.0;2019-10-01;;
409;4.0;2019-11-01;;
410;4.0;2019-12-01;;
411;4.0;2020-01-01;;
412;4.0;2020-02-01;;
413;4.0;2020-03-01;;
414;4.0;2020-04-01;;
415;4.0;2020-05-01;;
416;4.0;2020-06-01;;
417;4.0;2020-07-01;;
418;4.0;2020-08-01;;
419;4.0;2020-09-01;;
420;4.0;2020-10-01;;
421;4.0;2020-11-01;;
422;4.0;2020-12-01;;
423;4.0;2021-01-01;;
424;4.0;2021-02-01;;
425;4.0;2021-03-01;;
426;4.0;2021-04-01;;
427;4.0;2021-05-01;;
428;4.0;2021-06-01;;
429;4.0;2021-07-01;;
430;4.0;2021-08-01;;
431;4.0;2021-09-01;;
432;4.0;2021-10-01;;
433;4.0;2021-11-01;;
434;4.0;2021-12-01;;
435;4.0;2022-01-01;;
436;4.0;2022-02-01;;
437;4.0;2022-03-01;;
438;4.0;2022-04-01;;
439;4.0;2022-05-01;;
440;4.0;2022-06-01;;
441;4.0;2022-07-01;;
442;4.0;2022-08-01;;
443;4.0;2022-09-01;;
444;4.0;2022-10-01;;
445;4.0;2022-11-01;;
446;4.0;2022-12-01;;
447;4.0;2023-01-01;;
448;4.0;2023-02-01;;
449;4.0;2023-03-01;;
450;4.0;2023-04-01;;
451;4.0;2023-05-01;;
452;4.0;2023-06-01;;
453;4.0;2023-07-01;;
454;4.0;2023-08-01;;
455;4.0;2023-09-01;;
456;4.0;2023-10-01;;
457;4.0;2023-11-01;;
458;4.0;2023-12-01;;
459;4.0;2024-01-01;;
460;4.0;2024-02-01;;
461;4.0;2024-03-01;;
462;4.0;2024-04-01;;
463;4.0;2024-05-01;;
464;4.0;2024-06-01;;
465;4.0;2024-07-01;;
466;4.0;2024-08-01;;
467;4.0;2024-09-01;;
468;4.0;2024-10-01;;
469;4.0;2024-11-01;;
470;4.0;2024-12-01;;
471;4.0;2025-01-01;;
472;4.0;2025-02-01;;
473;4.0;2025-03-01;;
474;4.0;2025-04-01;;
475;4.0;2025-05-01;;
476;4.0;2025-06-01;;
477;4.0;2025-07-01;;
478;4.0;2025-08-01;;
479;4.0;2025-09-01;;
480;5.0;2015-10-01;;
481;5.0;2015-11-01;;
482;5.0;2015-12-01;;
483;5.0;2016-01-01;;
484;5.0;2016-02-01;;
485;5.0;2016-03-01;;
486;5.0;2016-04-01;;
487;5.0;2016-05-01;;
488;5.0;2016-06-01;;
489;5.0;2016-07-01;;
490;5.0;2016-08-01;;
491;5.0;2016-09-01;;
492;5.0;2016-10-01;;
493;5.0;2016-11-01;;
494;5.0;2016-12-01;;
495;5.0;2017-01-01;;
496;5.0;2017-02-01;;
497;5.0;2017-03-01;;
498;5.0;2017-04-01;;
499;5.0;2017-05-01;;
500;5.0;2017-06-01;;
501;5.0;2017-07-01;;
502;5.0;2017-08-01;;
503;5.0;2017-09-01;;
504;5.0;2017-10-01;;
505;5.0;2017-11-01;;
506;5.0;2017-12-01;;
507;5.0;2018-01-01;;
508;5.0;2018-02-01;;
509;5.0;2018-03-01;;
510;5.0;2018-04-01;;
511;5.0;2018-05-01;;
512;5.0;2018-06-01;;
513;5.0;2018-07-01;;
514;5.0;2018-08-01;;
515;5.0;2018-09-01;;
516;5.0;2018-10-01;;
517;5.0;2018-11-01;;
518;5.0;2018-12-01;;
519;5.0;2019-01-01;;
520;5.0;2019-02-01;;
521;5.0;2019-03-01;;
522;5.0;2019-04-01;;
523;5.0;2019-05-01;;
524;5.0;2019-06-01;;
525;5.0;2019-07-01;;
526;5.0;2019-08-01;;
527;5.0;2019-09-01;;
528;5.0;2019-10-01;;
529;5.0;2019-11-01;;
530;5.0;2019-12-01;;
531;5.0;2020-01-01;;
532;5.0;2020-02-01;;
533;5.0;2020-03-01;;
534;5.0;2020-04-01;;
535;5.0;2020-05-01;;
536;5.0;2020-06-01;;
537;5.0;2020-07-01;;
538;5.0;2020-08-01;;
539;5.0;2020-09-01;;
540;5.0;2020-10-01;;
541;5.0;2020-11-01;;
542;5.0;2020-12-01;;
543;5.0;2021-01-01;;
544;5.0;2021-02-01;;
545;5.0;2021-03-01;;
546;5.0;2021-04-01;;
547;5.0;2021-05-01;;
548;5.0;2021-06-01;;
549;5.0;2021-07-01;;
550;5.0;2021-08-01;;
551;5.0;2021-09-01;;
552;5.0;2021-10-01;;
553;5.0;2021-11-01;;
554;5.0;2021-12-01;;
555;5.0;2022-01-01;;
556;5.0;2022-02-01;;
557;5.0;2022-03-01;;
558;5.0;2022-04-01;;
559;5.0;2022-05-01;;
560;5.0;2022-06-01;;
561;5.0;2022-07-01;;
562;5.0;2022-08-01;;
563;5.0;2022-09-01;;
564;5.0;2022-10-01;;
565;5.0;2022-11-01;;
566;5.0;2022-12-01;;
567;5.0;2023-01-01;;
568;5.0;2023-02-01;;
569;5.0;2023-03-01;;
570;5.0;2023-04-01;;
571;5.0;2023-05-01;;
572;5.0;2023-06-01;;
573;5.0;2023-07-01;;
574;5.0;2023-08-01;;
575;5.0;2023-09-01;;
576;5.0;2023-10-01;;
577;5.0;2023-11-01;;
578;5.0;2023-12-01;;
579;5.0;2024-01-01;;
580;5.0;2024-02-01;;
581;5.0;2024-03-01;;
582;5.0;2024-04-01;;
583;5.0;2024-05-01;;
584;5.0;2024-06-01;;
585;5.0;2024-07-01;;
586;5.0;2024-08-01;;
587;5.0;2024-09-01;;
588;5.0;2024-10-01;;
589;5.0;2024-11-01;;
590;5.0;2024-12-01;;
591;5.0;2025-01-01;;
592;5.0;2025-02-01;;
593;5.0;2025-03-01;;
594;5.0;2025-04-01;;
595;5.0;2025-05-01;;
596;5.0;2025-06-01;;
597;5.0;2025-07-01;;
598;5.0;2025-08-01;;
599;5.0;2025-09-01;;
600;6.0;2015-10-01;;
601;6.0;2015-11-01;;
602;6.0;2015-12-01;;
603;6.0;2016-01-01;;
604;6.0;2016-02-01;;
605;6.0;2016-03-01;;
606;6.0;2016-04-01;;
607;6.0;2016-05-01;;
608;6.0;2016-06-01;;
609;6.0;2016-07-01;;
610;6.0;2016-08-01;;
611;6.0;2016-09-01;;
612;6.0;2016-10-01;;
613;6.0;2016-11-01;;
614;6.0;2016-12-01;;
615;6.0;2017-01-01;;
616;6.0;2017-02-01;;
617;6.0;2017-03-01;;
618;6.0;2017-04-01;;
619;6.0;2017-05-01;;
620;6.0;2017-06-01;;
621;6.0;2017-07-01;;
622;6.0;2017-08-01;;
623;6.0;2017-09-01;;
624;6.0;2017-10-01;;
625;6.0;2017-11-01;;
626;6.0;2017-12-01;;
627;6.0;2018-01-01;;
628;6.0;2018-02-01;;
629;6.0;2018-03-01;;
630;6.0;2018-04-01;;
631;6.0;2018-05-01;;
632;6.0;2018-06-01;;
633;6.0;2018-07-01;;
634;6.0;2018-08-01;;
635;6.0;2018-09-01;;
636;6.0;2018-10-01;;
637;6.0;2018-11-01;;
638;6.0;2018-12-01;;
639;6.0;2019-01-01;;
640;6.0;2019-02-01;;
641;6.0;2019-03-01;;
642;6.0;2019-04-01;;
643;6.0;2019-05-01;;
644;6.0;2019-06-01;;
645;6.0;2019-07-01;;
646;6.0;2019-08-01;;
647;6.0;2019-09-01;;
648;6.0;2019-10-01;;
649;6.0;2019-11-01;;
650;6.0;2019-12-01;;
651;6.0;2020-01-01;;
652;6.0;2020-02-01;;
653;6.0;2020-03-01;;
654;6.0;2020-04-01;;
655;6.0;2020-05-01;;
656;6.0;2020-06-01;;
657;6.0;2020-07-01;;
658;6.0;2020-08-01;;
659;6.0;2020-09-01;;
660;6.0;2020-10-01;;
661;6.0;2020-11-01;;
662;6.0;2020-12-01;;
663;6.0;2021-01-01;;
664;6.0;2021-02-01;;
665;6.0;2021-03-01;;
666;6.0;2021-04-01;;
667;6.0;2021-05-01;;
668;6.0;2021-06-01;;
669;6.0;2021-07-01;;
670;6.0;2021-08-01;;
671;6.0;2021-09-01;;
672;6.0;2021-10-01;;
673;6.0;2021-11-01;;
674;6.0;2021-12-01;;
675;6.0;2022-01-01;;
676;6.0;2022-02-01;;
677;6.0;2022-03-01;;
678;6.0;2022-04-01;;
679;6.0;2022-05-01;;
680;6.0;2022-06-01;;
681;6.0;2022-07-01;;
682;6.0;2022-08-01;;
683;6.0;2022-09-01;;
684;6.0;2022-10-01;;
685;6.0;2022-11-01;;
686;6.0;2022-12-01;;
687;6.0;2023-01-01;;
688;6.0;2023-02-01;;
689;6.0;2023-03-01;;
690;6.0;2023-04-01;;
691;6.0;2023-05-01;;
692;6.0;2023-06-01;;
693;6.0;2023-07-01;;
694;6.0;2023-08-01;;
695;6.0;2023-09-01;;
696;6.0;2023-10-01;;
697;6.0;2023-11-01;;
698;6.0;2023-12-01;;
699;6.0;2024-01-01;;
700;6.0;2024-02-01;;
701;6.0;2024-03-01;;
702;6.0;2024-04-01;;
703;6.0;2024-05-01;;
704;6.0;2024-06-01;;
705;6.0;2024-07-01;;
706;6.0;2024-08-01;;
707;6.0;2024-09-01;;
708;6.0;2024-10-01;;
709;6.0;2024-11-01;;
710;6.0;2024-12-01;;
711;6.0;2025-01-01;;
712;6.0;2025-02-01;;
713;6.0;2025-03-01;;
714;6.0;2025-04-01;;
715;6.0;2025-05-01;;
716;6.0;2025-06-01;;
717;6.0;2025-07-01;;
718;6.0;2025-08-01;;
719;6.0;2025-09-01;;
720;7.0;2015-10-01;;
721;7.0;2015-11-01;;
722;7.0;2015-12-01;;
723;7.0;2016-01-01;;
724;7.0;2016-02-01;;
725;7.0;2016-03-01;;
726;7.0;2016-04-01;;
727;7.0;2016-05-01;;
728;7.0;2016-06-01;;
729;7.0;2016-07-01;;
730;7.0;2016-08-01;;
731;7.0;2016-09-01;;
732;7.0;2016-10-01;;
733;7.0;2016-11-01;;
734;7.0;2016-12-01;;
735;7.0;2017-01-01;;
736;7.0;2017-02-01;;
737;7.0;2017-03-01;;
738;7.0;2017-04-01;;
739;7.0;2017-05-01;;
740;7.0;2017-06-01;;
741;7.0;2017-07-01;;
742;7.0;2017-08-01;;
743;7.0;2017-09-01;;
744;7.0;2017-10-01;;
745;7.0;2017-11-01;;
746;7.0;2017-12-01;;
747;7.0;2018-01-01;;
748;7.0;2018-02-01;;
749;7.0;2018-03-01;;
750;7.0;2018-04-01;;
751;7.0;2018-05-01;;
752;7.0;2018-06-01;;
753;7.0;2018-07-01;;
754;7.0;2018-08-01;;
755;7.0;2018-09-01;;
756;7.0;2018-10-01;;
757;7.0;2018-11-01;;
758;7.0;2018-12-01;;
759;7.0;2019-01-01;;
760;7.0;2019-02-01;;
761;7.0;2019-03-01;;
762;7.0;2019-04-01;;
763;7.0;2019-05-01;;
764;7.0;2019-06-01;;
765;7.0;2019-07-01;;
766;7.0;2019-08-01;;
767;7.0;2019-09-01;;
768;7.0;2019-10-01;;
769;7.0;2019-11-01;;
770;7.0;2019-12-01;;
771;7.0;2020-01-01;;
772;7.0;2020-02-01;;
773;7.0;2020-03-01;;
774;7.0;2020-04-01;;
775;7.0;2020-05-01;;
776;7.0;2020-06-01;;
777;7.0;2020-07-01;;
778;7.0;2020-08-01;;
779;7.0;2020-09-01;;
780;7.0;2020-10-01;;
781;7.0;2020-11-01;;
782;7.0;2020-12-01;;
783;7.0;2021-01-01;;
784;7.0;2021-02-01;;
785;7.0;2021-03-01;;
786;7.0;2021-04-01;;
787;7.0;2021-05-01;;
788;7.0;2021-06-01;;
789;7.0;2021-07-01;;
790;7.0;2021-08-01;;
791;7.0;2021-09-01;;
792;7.0;2021-10-01;;
793;7.0;2021-11-01;;
794;7.0;2021-12-01;;
795;7.0;2022-01-01;;
796;7.0;2022-02-01;;
797;7.0;2022-03-01;;
798;7.0;2022-04-01;;
799;7.0;2022-05-01;;
800;7.0;2022-06-01;;
801;7.0;2022-07-01;;
802;7.0;2022-08-01;;
803;7.0;2022-09-01;;
804;7.0;2022-10-01;;
805;7.0;2022-11-01;;
806;7.0;2022-12-01;;
807;7.0;2023-01-01;;
808;7.0;2023-02-01;;
809;7.0;2023-03-01;;
810;7.0;2023-04-01;;
811;7.0;2023-05-01;;
812;7.0;2023-06-01;;
813;7.0;2023-07-01;;
814;7.0;2023-08-01;;
815;7.0;2023-09-01;;
816;7.0;2023-10-01;;
817;7.0;2023-11-01;;
818;7.0;2023-12-01;;
819;7.0;2024-01-01;;
820;7.0;2024-02-01;;
821;7.0;2024-03-01;;
822;7.0;2024-04-01;;
823;7.0;2024-05-01;;
824;7.0;2024-06-01;;
825;7.0;2024-07-01;;
826;7.0;2024-08-01;;
827;7.0;2024-09-01;;
828;7.0;2024-10-01;;
829;7.0;2024-11-01;;
830;7.0;2024-12-01;;
831;7.0;2025-01-01;;
832;7.0;2025-02-01;;
833;7.0;2025-03-01;;
834;7.0;2025-04-01;;
835;7.0;2025-05-01;;
836;7.0;2025-06-01;;
837;7.0;2025-07-01;;
838;7.0;2025-08-01;;
839;7.0;2025-09-01;;
840;8.0;2015-10-01;;
841;8.0;2015-11-01;;
842;8.0;2015-12-01;;
843;8.0;2016-01-01;;
844;8.0;2016-02-01;;
845;8.0;2016-03-01;;
846;8.0;2016-04-01;;
847;8.0;2016-05-01;;
848;8.0;2016-06-01;;
849;8.0;2016-07-01;;
850;8.0;2016-08-01;;
851;8.0;2016-09-01;;
852;8.0;2016-10-01;;
853;8.0;2016-11-01;;
854;8.0;2016-12-01;;
855;8.0;2017-01-01;;
856;8.0;2017-02-01;;
857;8.0;2017-03-01;;
858;8.0;2017-04-01;;
859;8.0;2017-05-01;;
860;8.0;2017-06-01;;
861;8.0;2017-07-01;;
862;8.0;2017-08-01;;
863;8.0;2017-09-01;;
864;8.0;2017-10-01;;
865;8.0;2017-11-01;;
866;8.0;2017-12-01;;
867;8.0;2018-01-01;;
868;8.0;2018-02-01;;
869;8.0;2018-03-01;;
870;8.0;2018-04-01;;
871;8.0;2018-05-01;;
872;8.0;2018-06-01;;
873;8.0;2018-07-01;;
874;8.0;2018-08-01;;
875;8.0;2018-09-01;;
876;8.0;2018-10-01;;
877;8.0;2018-11-01;;
878;8.0;2018-12-01;;
879;8.0;2019-01-01;;
880;8.0;2019-02-01;;
881;8.0;2019-03-01;;
882;8.0;2019-04-01;;
883;8.0;2019-05-01;;
884;8.0;2019-06-01;;
885;8.0;2019-07-01;;
886;8.0;2019-08-01;;
887;8.0;2019-09-01;;
888;8.0;2019-10-01;;
889;8.0;2019-11-01;;
890;8.0;2019-12-01;;
891;8.0;2020-01-01;;
892;8.0;2020-02-01;;
893;8.0;2020-03-01;;
894;8.0;2020-04-01;;
895;8.0;2020-05-01;;
896;8.0;2020-06-01;;
897;8.0;2020-07-01;;
898;8.0;2020-08-01;;
899;8.0;2020-09-01;;
900;8.0;2020-10-01;;
901;8.0;2020-11-01;;
902;8.0;2020-12-01;;
903;8.0;2021-01-01;;
904;8.0;2021-02-01;;
905;8.0;2021-03-01;;
906;8.0;2021-04-01;;
907;8.0;2021-05-01;;
908;8.0;2021-06-01;;
909;8.0;2021-07-01;;
910;8.0;2021-08-01;;
911;8.0;2021-09-01;;
912;8.0;2021-10-01;;
913;8.0;2021-11-01;;
914;8.0;2021-12-01;;
915;8.0;2022-01-01;;
916;8.0;2022-02-01;;
917;8.0;2022-03-01;;
918;8.0;2022-04-01;;
919;8.0;2022-05-01;;
920;8.0;2022-06-01;;
921;8.0;2022-07-01;;
922;8.0;2022-08-01;;
923;8.0;2022-09-01;;
924;8.0;2022-10-01;;
925;8.0;2022-11-01;;
926;8.0;2022-12-01;;
927;8.0;2023-01-01;;
928;8.0;2023-02-01;;
929;8.0;2023-03-01;;
930;8.0;2023-04-01;;
931;8.0;2023-05-01;;
932;8.0;2023-06-01;;
933;8.0;2023-07-01;;
934;8.0;2023-08-01;;
935;8.0;2023-09-01;;
936;8.0;2023-10-01;;
937;8.0;2023-11-01;;
938;8.0;2023-12-01;;
939;8.0;2024-01-01;;
940;8.0;2024-02-01;;
941;8.0;2024-03-01;;
942;8.0;2024-04-01;;
943;8.0;2024-05-01;;
944;8.0;2024-06-01;;
945;8.0;2024-07-01;;
946;8.0;2024-08-01;;
947;8.0;2024-09-01;;
948;8.0;2024-10-01;;
949;8.0;2024-11-01;;
950;8.0;2024-12-01;;
951;8.0;2025-01-01;;
952;8.0;2025-02-01;;
953;8.0;2025-03-01;;
954;8.0;2025-04-01;;
955;8.0;2025-05-01;;
956;8.0;2025-06-01;;
957;8.0;2025-07-01;;
958;8.0;2025-08-01;;
959;8.0;2025-09-01;;
960;9.0;2015-10-01;;
961;9.0;2015-11-01;;
962;9.0;2015-12-01;;
963;9.0;2016-01-01;;
964;9.0;2016-02-01;;
965;9.0;2016-03-01;;
966;9.0;2016-04-01;;
967;9.0;2016-05-01;;
968;9.0;2016-06-01;;
969;9.0;2016-07-01;;
970;9.0;2016-08-01;;
971;9.0;2016-09-01;;
972;9.0;2016-10-01;;
973;9.0;2016-11-01;;
974;9.0;2016-12-01;;
975;9.0;2017-01-01;;
976;9.0;2017-02-01;;
977;9.0;2017-03-01;;
978;9.0;2017-04-01;;
979;9.0;2017-05-01;;
980;9.0;2017-06-01;;
981;9.0;2017-07-01;;
982;9.0;2017-08-01;;
983;9.0;2017-09-01;;
984;9.0;2017-10-01;;
985;9.0;2017-11-01;;
986;9.0;2017-12-01;;
987;9.0;2018-01-01;;
988;9.0;2018-02-01;;
989;9.0;2018-03-01;;
990;9.0;2018-04-01;;
991;9.0;2018-05-01;;
992;9.0;2018-06-01;;
993;9.0;2018-07-01;;
994;9.0;2018-08-01;;
995;9.0;2018-09-01;;
996;9.0;2018-10-01;;
997;9.0;2018-11-01;;
998;9.0;2018-12-01;;
999;9.0;2019-01-01;;
1000;9.0;2019-02-01;;
1001;9.0;2019-03-01;;
1002;9.0;2019-04-01;;
1003;9.0;2019-05-01;;
1004;9.0;2019-06-01;;
1005;9.0;2019-07-01;;
1006;9.0;2019-08-01;;
1007;9.0;2019-09-01;;
1008;9.0;2019-10-01;;
1009;9.0;2019-11-01;;
1010;9.0;2019-12-01;;
1011;9.0;2020-01-01;;
1012;9.0;2020-02-01;;
1013;9.0;2020-03-01;;
1014;9.0;2020-04-01;;
1015;9.0;2020-05-01;;
1016;9.0;2020-06-01;;
1017;9.0;2020-07-01;;
1018;9.0;2020-08-01;;
1019;9.0;2020-09-01;;
1020;9.0;2020-10-01;;
1021;9.0;2020-11-01;;
1022;9.0;2020-12-01;;
1023;9.0;2021-01-01;;
1024;9.0;2021-02-01;;
1025;9.0;2021-03-01;;
1026;9.0;2021-04-01;;
1027;9.0;2021-05-01;;
1028;9.0;2021-06-01;;
1029;9.0;2021-07-01;;
1030;9.0;2021-08-01;;
1031;9.0;2021-09-01;;
1032;9.0;2021-10-01;;
1033;9.0;2021-11-01;;
1034;9.0;2021-12-01;;
1035;9.0;2022-01-01;;
1036;9.0;2022-02-01;;
1037;9.0;2022-03-01;;
1038;9.0;2022-04-01;;
1039;9.0;2022-05-01;;
1040;9.0;2022-06-01;;
1041;9.0;2022-07-01;;
1042;9.0;2022-08-01;;
1043;9.0;2022-09-01;;
1044;9.0;2022-10-01;;
1045;9.0;2022-11-01;;
1046;9.0;2022-12-01;;
1047;9.0;2023-01-01;;
1048;9.0;2023-02-01;;
1049;9.0;2023-03-01;;
1050;9.0;2023-04-01;;
1051;9.0;2023-05-01;;
1052;9.0;2023-06-01;;
1053;9.0;2023-07-01;;
1054;9.0;2023-08-01;;
1055;9.0;2023-09-01;;
1056;9.0;2023-10-01;;
1057;9.0;2023-11-01;;
1058;9.0;2023-12-01;;
1059;9.0;2024-01-01;;
1060;9.0;2024-02-01;;
1061;9.0;2024-03-01;;
1062;9.0;2024-04-01;;
1063;9.0;2024-05-01;;
1064;9.0;2024-06-01;;
1065;9.0;2024-07-01;;
1066;9.0;2024-08-01;;
1067;9.0;2024-09-01;;
1068;9.0;2024-10-01;;
1069;9.0;2024-11-01;;
1070;9.0;2024-12-01;;
1071;9.0;2025-01-01;;
1072;9.0;2025-02-01;;
1073;9.0;2025-03-01;;
1074;9.0;2025-04-01;;
1075;9.0;2025-05-01;;
1076;9.0;2025-06-01;;
1077;9.0;2025-07-01;;
1078;9.0;2025-08-01;;
1079;9.0;2025-09-01;;
1080;10.0;2015-10-01;;
1081;10.0;2015-11-01;;
1082;10.0;2015-12-01;;
1083;10.0;2016-01-01;;
1084;10.0;2016-02-01;;
1085;10.0;2016-03-01;;
1086;10.0;2016-04-01;;
1087;10.0;2016-05-01;;
1088;10.0;2016-06-01;;
1089;10.0;2016-07-01;;
1090;10.0;2016-08-01;;
1091;10.0;2016-09-01;;
1092;10.0;2016-10-01;;
1093;10.0;2016-11-01;;
1094;10.0;2016-12-01;;
1095;10.0;2017-01-01;;
1096;10.0;2017-02-01;;
1097;10.0;2017-03-01;;
1098;10.0;2017-04-01;;
1099;10.0;2017-05-01;;
1100;10.0;2017-06-01;;
1101;10.0;2017-07-01;;
1102;10.0;2017-08-01;;
1103;10.0;2017-09-01;;
1104;10.0;2017-10-01;;
1105;10.0;2017-11-01;;
1106;10.0;2017-12-01;;
1107;10.0;2018-01-01;;
1108;10.0;2018-02-01;;
1109;10.0;2018-03-01;;
1110;10.0;2018-04-01;;
1111;10.0;2018-05-01;;
1112;10.0;2018-06-01;;
1113;10.0;2018-07-01;;
1114;10.0;2018-08-01;;
1115;10.0;2018-09-01;;
1116;10.0;2018-10-01;;
1117;10.0;2018-11-01;;
1118;10.0;2018-12-01;;
1119;10.0;2019-01-01;;
1120;10.0;2019-02-01;;
1121;10.0;2019-03-01;;
1122;10.0;2019-04-01;;
1123;10.0;2019-05-01;;
1124;10.0;2019-06-01;;
1125;10.0;2019-07-01;;
1126;10.0;2019-08-01;;
1127;10.0;2019-09-01;;
1128;10.0;2019-10-01;;
1129;10.0;2019-11-01;;
1130;10.0;2019-12-01;;
1131;10.0;2020-01-01;;
1132;10.0;2020-02-01;;
1133;10.0;2020-03-01;;
1134;10.0;2020-04-01;;
1135;10.0;2020-05-01;;
1136;10.0;2020-06-01;;
1137;10.0;2020-07-01;;
1138;10.0;2020-08-01;;
1139;10.0;2020-09-01;;
1140;10.0;2020-10-01;;
1141;10.0;2020-11-01;;
1142;10.0;2020-12-01;;
1143;10.0;2021-01-01;;
1144;10.0;2021-02-01;;
1145;10.0;2021-03-01;;
1146;10.0;2021-04-01;;
1147;10.0;2021-05-01;;
1148;10.0;2021-06-01;;
1149;10.0;2021-07-01;;
1150;10.0;2021-08-01;;
1151;10.0;2021-09-01;;
1152;10.0;2021-10-01;;
1153;10.0;2021-11-01;;
1154;10.0;2021-12-01;;
1155;10.0;2022-01-01;;
1156;10.0;2022-02-01;;
1157;10.0;2022-03-01;;
1158;10.0;2022-04-01;;
1159;10.0;2022-05-01;;
1160;10.0;2022-06-01;;
1161;10.0;2022-07-01;;
1162;10.0;2022-08-01;;
1163;10.0;2022-09-01;;
1164;10.0;2022-10-01;;
1165;10.0;2022-11-01;;
1166;10.0;2022-12-01;;
1167;10.0;2023-01-01;;
1168;10.0;2023-02-01;;
1169;10.0;2023-03-01;;
1170;10.0;2023-04-01;;
1171;10.0;2023-05-01;;
1172;10.0;2023-06-01;;
1173;10.0;2023-07-01;;
1174;10.0;2023-08-01;;
1175;10.0;2023-09-01;;
1176;10.0;2023-10-01;;
1177;10.0;2023-11-01;;
1178;10.0;2023-12-01;;
1179;10.0;2024-01-01;;
1180;10.0;2024-02-01;;
1181;10.0;2024-03-01;;
1182;10.0;2024-04-01;;
1183;10.0;2024-05-01;;
1184;10.0;2024-06-01;;
1185;10.0;2024-07-01;;
1186;10.0;2024-08-01;;
1187;10.0;2024-09-01;;
1188;10.0;2024-10-01;;
1189;10.0;2024-11-01;;
1190;10.0;2024-12-01;;
1191;10.0;2025-01-01;;
1192;10.0;2025-02-01;;
1193;10.0;2025-03-01;;
1194;10.0;2025-04-01;;
1195;10.0;2025-05-01;;
1196;10.0;2025-06-01;;
1197;10.0;2025-07-01;;
1198;10.0;2025-08-01;;
1199;10.0;2025-09-01;;
