TIMESTAMP_UTC;Cab;Cw;Ant;LAI
2015-11-13 00:00:00+00:00;95.26916889389977;0.04593820140191825;18.626014424115418;0.7248905365169048
2015-11-16 00:00:00+00:00;42.68269046712667;0.04095886275542432;9.9747706156224;0.6305934984236956
2015-11-26 00:00:00+00:00;36.79868987035006;0.03549350577676671;14.651297911256552;1.0897386477142572
2015-12-03 00:00:00+00:00;82.97888816958293;0.022203915299987408;9.737848892435432;1.216165859028697
2016-01-12 00:00:00+00:00;62.81189945461229;0.037649658996169434;17.224940652400257;0.6497177419811487
2016-01-25 00:00:00+00:00;34.80090489415452;0.024520217098575086;23.064174873754382;0.2883071210980415
2016-02-01 00:00:00+00:00;51.32502740323544;0.031741207034792766;2.5007656436413526;0.9597395245730876
2016-02-04 00:00:00+00:00;75.22243281183765;0.028075853764079506;22.875413658842444;0.5587795183062554
2016-03-05 00:00:00+00:00;61.6999866399914;0.03186698058815669;10.040837147831917;1.5293718499690294
2016-03-12 00:00:00+00:00;62.79619607105851;0.03841660327005663;15.07761230841279;1.2041415406763554
2016-03-25 00:00:00+00:00;68.88376687737181;0.04572638778488617;23.563409604132175;1.1737930478155614
2016-04-01 00:00:00+00:00;51.77421260317787;0.01949476074802222;12.581786727160216;0.5006079682707787
2016-04-14 00:00:00+00:00;32.49394685951993;0.01012141203477514;19.402878176048397;0.572480073273182
2016-04-21 00:00:00+00:00;87.07760883271695;0.037734493765071916;21.102211709693073;2.3143682853132486
2016-04-24 00:00:00+00:00;44.01869017854333;0.0343389066240052;16.472768760100006;1.2779418889433145
2016-05-01 00:00:00+00:00;65.90756231769919;0.02076956986540462;23.052384227514267;0.9054190577566623
2016-05-04 00:00:00+00:00;48.1724279078655;0.01780868866047822;18.324749498441815;2.6036774706840515
2016-05-11 00:00:00+00:00;60.324218860268594;0.026765832651313416;31.78151046000421;0.8428553648293018
2016-05-21 00:00:00+00:00;37.82931980676949;0.024815218838746683;23.837150940299033;0.8359088824689388
2016-05-24 00:00:00+00:00;45.38759955689311;0.03099596926791129;32.03473314829171;0.33564625844359397
2016-06-13 00:00:00+00:00;50.590236224234104;0.022393205494992435;22.354211969301105;0.4974588466435671
2016-06-20 00:00:00+00:00;35.6999794151634;0.031487637078249794;21.852751026675104;0.7555603560060262
2016-06-23 00:00:00+00:00;53.56907634660602;0.018896596901351554;21.54322498254478;0.6764982368052006
2016-06-30 00:00:00+00:00;62.86722691422328;0.02577878493969328;22.907864305749534;0.5073702912777662
2016-07-03 00:00:00+00:00;68.85311325872317;0.03013441345472821;29.268390281498434;0.4846063321083784
2016-07-10 00:00:00+00:00;67.65006019901485;0.020310309464670717;20.07626673579216;0.5275718754529953
2016-07-23 00:00:00+00:00;42.960118614602834;0.026287425839574996;11.599023664742708;0.8256282839179039
2016-07-30 00:00:00+00:00;73.61101091029123;0.015820164781808838;11.223236471787095;0.3965635564178228
2016-08-02 00:00:00+00:00;37.48531071599573;0.03495538507781455;13.69044909067452;0.9185457508265972
2016-08-09 00:00:00+00:00;40.004479601513594;0.03272985999130182;16.46563587449491;0.9267522384971381
2016-08-12 00:00:00+00:00;44.669875013735144;0.029183753845235333;12.656131209805608;1.755298627987504
2016-08-19 00:00:00+00:00;48.91287470040843;0.03044561661388724;27.0877669993788;1.1082580851763486
2016-08-22 00:00:00+00:00;33.79719258733094;0.03702549716520593;8.782240274176;0.9489281518757343
2016-08-29 00:00:00+00:00;44.605931957624854;0.014703434770507723;12.18431290537119;0.8060688468068838
2016-09-08 00:00:00+00:00;58.95208573872223;0.010331657799915416;15.819133792445063;0.49845940686762336
2016-09-11 00:00:00+00:00;41.46081046210602;0.03818765902414455;7.415414232760668;0.8838805035501719
2016-09-18 00:00:00+00:00;36.33530202610418;0.024162450538622215;24.288784264028074;0.9409323783963919
2016-09-21 00:00:00+00:00;43.87179332254455;0.03006402183501048;13.865970242395997;0.7361725552380085
2016-10-01 00:00:00+00:00;33.56879165591672;0.0312715495257871;10.731699753925204;1.6664431162923574
2016-10-08 00:00:00+00:00;70.9960489762947;0.039211045876471284;15.51023696437478;0.7648587097972631
2016-10-11 00:00:00+00:00;66.9520564625971;0.028690119644463975;27.312276831641793;1.2179346879571675
2016-10-31 00:00:00+00:00;54.52402393138036;0.03400732407993638;18.06426743492484;0.7305188246816396
2016-11-07 00:00:00+00:00;71.23031497206539;0.04069870536017694;22.183057035133242;0.7441143772751093
2016-11-10 00:00:00+00:00;57.72883806601167;0.04195196663592944;12.782290595397352;1.4936317605525256
2016-11-17 00:00:00+00:00;53.63981470586732;0.026327721260301817;23.854866536706687;0.6267249670624733
2016-12-07 00:00:00+00:00;49.81423618365079;0.023390735228871907;15.28146007321775;1.2797747537493707
2016-12-20 00:00:00+00:00;47.34831688571721;0.02763425154215656;10.26144662424922;1.8223276802152395
2017-01-16 00:00:00+00:00;54.219317853543906;0.02818853981292343;16.58232428021729;1.278901451304555
2017-02-08 00:00:00+00:00;74.80913558108732;0.03542428933822083;14.238983251526951;1.492865881547332
2017-02-15 00:00:00+00:00;67.83674430418759;0.03063217152461875;28.42494454085827;0.5116176774352789
2017-02-25 00:00:00+00:00;56.35306211831048;0.03960558970842976;25.79603669196367;0.598855576813221
2017-02-28 00:00:00+00:00;23.890159299224614;0.02036747706660532;15.541221042349935;1.0149823175370694
2017-03-10 00:00:00+00:00;42.54704038361088;0.039633858242724106;18.107543885335325;0.6857426172494888
2017-03-20 00:00:00+00:00;61.28044078592211;0.01764770863337911;12.693308349698782;0.9519767754524946
2017-03-25 00:00:00+00:00;66.5483767257072;0.026630307057872407;11.264675675332546;1.2295185447484256
2017-03-30 00:00:00+00:00;42.9751472809352;0.028791303138574587;14.38988504782319;1.5413709834963083
2017-04-01 00:00:00+00:00;44.55776975229382;0.022497429682686934;10.673646466806531;1.0226167621463538
2017-04-06 00:00:00+00:00;49.4612256928347;0.01610241663011259;13.028675653040409;1.1757379970699549
2017-04-09 00:00:00+00:00;43.99832783667371;0.025386532476497817;25.197887631878256;2.1696681057661773
2017-04-11 00:00:00+00:00;57.17337581114843;0.02616714502202814;14.048031387850642;0.8178404372185468
2017-04-21 00:00:00+00:00;67.3156055469066;0.0206234781175386;20.56402850151062;0.9430386622995138
2017-04-24 00:00:00+00:00;47.66393468603492;0.030031832436891278;16.191775982826947;1.005050838664174
2017-05-01 00:00:00+00:00;70.85263828476891;0.034641200981894514;18.775356747955083;1.0237616240233183
2017-05-04 00:00:00+00:00;63.64144906979054;0.031038726186566043;24.250875276327132;1.283094559237361
2017-05-06 00:00:00+00:00;46.958542559854685;0.035318685049354086;27.53556479625404;0.9623995707184076
2017-05-09 00:00:00+00:00;62.928603200800715;0.030971853600069887;16.671010493859647;1.5721845672279597
2017-05-14 00:00:00+00:00;67.6298351299949;0.021303694659797482;21.297182784229516;0.6838112424314022
2017-05-19 00:00:00+00:00;53.72917421795428;0.02818937073668931;21.3373190689832;1.1106377625465393
2017-05-24 00:00:00+00:00;44.421339383535084;0.018416608362947583;15.182486721128225;0.8370570734888315
2017-05-26 00:00:00+00:00;61.668548912834375;0.031559397183288825;28.970159496739505;0.5304257216304541
2017-05-29 00:00:00+00:00;56.6204755211249;0.019615176241868162;15.70162782035768;2.113551718071103
2017-06-05 00:00:00+00:00;48.770919859595594;0.03364522030097433;17.53504864834249;0.7935539618134498
2017-06-08 00:00:00+00:00;67.41294908421114;0.027189788960572336;12.861674316599965;1.0211522314697503
2017-06-10 00:00:00+00:00;38.771808580402286;0.026569956505461602;20.980114296451212;1.027815315723419
2017-06-13 00:00:00+00:00;52.892517562117426;0.03489785922293083;28.566860762238502;0.6369218638539315
2017-06-15 00:00:00+00:00;47.126039524469526;0.011452962427865703;16.12308426722884;1.3517680124938487
2017-06-18 00:00:00+00:00;38.4810379547067;0.0314399780255277;25.99672862365842;1.1698916231840848
2017-06-20 00:00:00+00:00;67.67807429442182;0.0235928938563913;22.843246099352836;0.7376991804689169
2017-06-23 00:00:00+00:00;65.74443256510422;0.024814876551786446;11.820338186621665;0.9010580395162106
2017-06-28 00:00:00+00:00;57.24534622998908;0.01920800534379665;32.05906764604151;1.130703934133053
2017-06-30 00:00:00+00:00;49.91574320886284;0.011089669273188336;18.093297864124178;0.9339332666248084
2017-07-03 00:00:00+00:00;42.89341675080359;0.013759836865961533;29.24215431138873;0.7850451146811247
2017-07-05 00:00:00+00:00;60.924269718769935;0.03354064572108908;25.034242709353567;0.8418897458910942
2017-07-10 00:00:00+00:00;39.197334793023764;0.030119146181037667;14.037495898082852;1.414834360331297
2017-07-13 00:00:00+00:00;43.73047997793183;0.02728622720818967;19.26249471977353;0.964742354825139
2017-07-15 00:00:00+00:00;42.046526945754884;0.02974854463040828;21.27029860764742;1.886533655896783
2017-07-18 00:00:00+00:00;61.65011771135032;0.029063983150175773;11.993162030354142;0.9696171137690545
2017-07-20 00:00:00+00:00;52.747840526606886;0.029667934647761286;16.129645742848517;2.1518764042109253
2017-07-23 00:00:00+00:00;48.39581670733169;0.038764697552891414;28.34674754999578;2.1596307560056447
2017-07-25 00:00:00+00:00;67.36839464409277;0.027609896397194803;19.365821861475705;0.8150496273487806
2017-07-28 00:00:00+00:00;51.43200281057507;0.012703439048677672;15.350486697629094;0.5134427204728127
2017-07-30 00:00:00+00:00;53.1891308657825;0.02965818779880649;14.251301845908165;0.6466678208857775
2017-08-04 00:00:00+00:00;33.61965296883136;0.021137330835149647;17.512511871010066;0.6143532697111368
2017-08-07 00:00:00+00:00;69.23406251166016;0.02783412702202334;19.270221086218953;1.7156135495752096
2017-08-09 00:00:00+00:00;66.62581595694647;0.03367433408363726;21.29601743966341;0.9136207119375467
2017-08-12 00:00:00+00:00;50.99318908378482;0.03346677783806806;21.476628087460995;0.44562417946755883
2017-08-14 00:00:00+00:00;36.853066093940285;0.040655876842956074;23.048722138628364;0.41833014860749246
2017-08-17 00:00:00+00:00;63.63864542171359;0.031596163945435574;16.008457800373435;1.6624248011410236
2017-08-19 00:00:00+00:00;49.397981573082504;0.03347759863031096;16.468740245327353;0.8519307071715594
2017-08-22 00:00:00+00:00;41.964946379419416;0.016248149630706758;15.069774172082543;0.6603420486301184
2017-08-24 00:00:00+00:00;55.90638668108731;0.02492100348304958;14.540202913433314;0.6117011118680239
2017-09-03 00:00:00+00:00;51.85940123796463;0.028104334692866592;28.141431687399745;0.798365686610341
2017-09-08 00:00:00+00:00;47.28127696309239;0.020601213094778376;13.636619375273586;0.3891241975873709
2017-09-11 00:00:00+00:00;64.33215482560918;0.043033733404730413;24.70789084844291;0.3606565343588591
2017-09-13 00:00:00+00:00;68.31025914363563;0.02829084292701447;20.933412381634117;0.8225825490802526
2017-09-16 00:00:00+00:00;56.95519541585818;0.030988971655257047;12.773325950279832;0.47361029252409936
2017-09-18 00:00:00+00:00;73.4437578232959;0.01144062079768628;14.391809922084212;0.3897452112287283
2017-09-21 00:00:00+00:00;54.76068235291168;0.031040476665040485;27.012098226323722;1.0327094092220068
2017-09-26 00:00:00+00:00;62.60749694313854;0.03642327718336602;23.094558466598393;0.5358981105685234
2017-09-28 00:00:00+00:00;27.893280051276086;0.03152560690068638;16.1226468116045;0.5686384681612253
2017-10-03 00:00:00+00:00;69.1548476440832;0.038501741287624465;20.49704561419785;1.1256975042819977
2017-10-06 00:00:00+00:00;59.913603871501984;0.02627755819300656;18.100222489237787;0.9721489203721285
2017-10-08 00:00:00+00:00;62.68839287655428;0.033442585620610046;14.507792968675494;0.8028039103746414
2017-10-11 00:00:00+00:00;79.92662308383733;0.03368554753584326;15.551210296154022;1.1585037502646447
2017-10-13 00:00:00+00:00;45.289366295933725;0.017363576092408024;25.144325687363743;0.8348477142304183
2017-10-16 00:00:00+00:00;53.010796235501765;0.030249611883494048;17.568698303028942;0.7448566877096892
2017-10-21 00:00:00+00:00;42.84303871523589;0.02321302935916463;13.692376109957696;2.2893839038908483
2017-10-23 00:00:00+00:00;52.69239109335467;0.02983252922482789;19.408105430752038;0.7595153253525495
2017-10-26 00:00:00+00:00;45.098193081934006;0.03038679795248902;15.959529767557978;1.4685156164318323
2017-10-28 00:00:00+00:00;46.58474239939824;0.03130971648569684;15.560498986393213;0.7472278475016355
2017-11-05 00:00:00+00:00;44.672767820116135;0.017852783619845283;18.49438167102635;0.8204587704688311
2017-11-07 00:00:00+00:00;42.198927571624516;0.0215424251934048;19.300331449881195;0.6248128737509251
2017-11-10 00:00:00+00:00;50.67730437507853;0.037051332575012946;23.2924237690866;1.4440893684327603
2017-11-12 00:00:00+00:00;53.45063457898796;0.01832613771732432;27.406555040925742;0.8609020520746707
2017-11-15 00:00:00+00:00;67.47957055801525;0.03784969637871253;26.808464923128486;1.1889919018000363
2017-11-17 00:00:00+00:00;89.58772353110835;0.036469836056535136;18.14526960775256;0.33389184653759
2017-11-20 00:00:00+00:00;51.72506616413593;0.025539599300594983;14.878384886682033;0.558931958079338
2017-11-22 00:00:00+00:00;19.493328941985965;0.039516007638000866;21.978864071890712;0.7669501297175885
2017-11-30 00:00:00+00:00;48.34461519345641;0.03817509384078437;17.77928899228573;1.1528720324486494
2017-12-02 00:00:00+00:00;54.51516957441345;0.028398027187236597;21.915050031244753;1.9755113624036311
2017-12-05 00:00:00+00:00;58.773571813479066;0.025649372975388565;12.569084757938981;1.5528553315252065
2017-12-07 00:00:00+00:00;73.78729339567944;0.03556232617723293;19.138578222319484;0.2579346650838852
2017-12-12 00:00:00+00:00;41.17162973089144;0.02316042376302649;24.060376438498498;1.4234692618250846
2017-12-15 00:00:00+00:00;66.48216674877331;0.013494036295521074;29.65256336145103;0.9446651965379715
2017-12-17 00:00:00+00:00;61.388976528123024;0.03871611287961709;20.626534985378385;0.9874694193899631
2017-12-20 00:00:00+00:00;57.76620202157646;0.03406042254469357;6.785783702507615;1.2309809159487486
2017-12-22 00:00:00+00:00;49.998375920020045;0.03655800595984325;13.842700110003353;0.8920524606108665
2017-12-25 00:00:00+00:00;64.19195362813771;0.02430038333858827;16.808118604123592;1.4865862663090228
2017-12-27 00:00:00+00:00;50.8641868413426;0.02623795770155264;18.398588877171278;0.5693950751423835
2017-12-30 00:00:00+00:00;49.51669157166034;0.0279245202428196;15.253993088379502;0.6104042232036591
2018-01-01 00:00:00+00:00;47.535834533441815;0.023887511349376295;22.024969002977013;1.264925999045372
2018-01-04 00:00:00+00:00;31.891933329962193;0.033478528766753134;8.758988392725588;0.7833240363001823
2018-01-11 00:00:00+00:00;31.151576972194015;0.028413610437302884;8.799904802441597;0.3735037572681904
2018-01-16 00:00:00+00:00;53.91165690170601;0.03119715297902001;21.726596977934243;1.015799370855093
2018-01-21 00:00:00+00:00;29.06887347921729;0.038408833133149946;15.336753973737359;0.3091259604692459
2018-01-24 00:00:00+00:00;49.310018020030114;0.038700718385539956;15.985156517475843;1.189732113033533
2018-01-26 00:00:00+00:00;35.92228876706213;0.03461134093324656;16.229701132327317;1.4263704824447632
2018-01-29 00:00:00+00:00;66.89663750585169;0.041045107548404486;18.69697212986648;1.2811695152521134
2018-01-31 00:00:00+00:00;33.92110924338922;0.02845998307156845;26.49570306763053;1.140017789080739
2018-02-08 00:00:00+00:00;66.6779834067449;0.03360207663858308;14.804441875219345;1.7491980782151222
2018-02-13 00:00:00+00:00;41.339888748526576;0.034740907371696085;13.542510544136167;1.6295974476635455
2018-02-15 00:00:00+00:00;46.69014874352142;0.027274101876234642;18.795191319286822;0.9294643288850785
2018-02-20 00:00:00+00:00;56.148023046460004;0.0451191189895849;27.007756855711342;1.0679332600533962
2018-02-23 00:00:00+00:00;64.80960731087252;0.03495156767852606;14.950075017660856;0.7260816449671984
2018-02-25 00:00:00+00:00;63.178651868831366;0.02382687896308489;7.719879034906626;1.1998447185754777
2018-02-28 00:00:00+00:00;44.009077908378096;0.024293697125790638;7.4752837181091305;1.713951003998518
2018-03-07 00:00:00+00:00;79.46560804601759;0.031409494309779226;33.819437116011976;0.7666315963119268
2018-03-10 00:00:00+00:00;51.51269884929061;0.03099912838870657;9.522508887574077;0.875775331556797
2018-03-20 00:00:00+00:00;36.85286228582263;0.021892735851695745;8.980147789791227;0.776066136136651
2018-03-22 00:00:00+00:00;52.37818539747968;0.025164063407666984;18.402788842841982;1.076584150865674
2018-03-27 00:00:00+00:00;77.10109126660973;0.02576359000385274;28.74925816617906;0.4752360144257545
2018-03-30 00:00:00+00:00;57.23157055797056;0.03258836469340609;25.21306141577661;0.9358449387550354
2018-04-04 00:00:00+00:00;38.44644667692482;0.031032666269433656;21.132082572951912;0.7057654393464327
2018-04-14 00:00:00+00:00;78.36004683189094;0.03180865385513755;19.737438490241765;1.1902179207652808
2018-04-16 00:00:00+00:00;58.635872593894604;0.03882070717911703;20.198982037231325;1.032817480266094
2018-04-19 00:00:00+00:00;48.609184176940474;0.022284768675710075;25.490568570792675;1.037018556818366
2018-04-24 00:00:00+00:00;48.24237157907337;0.03065977039290594;24.392475247383118;0.7746381881833077
2018-04-26 00:00:00+00:00;58.09759806236252;0.02384763066933957;19.60233844704926;0.8729403631389141
2018-04-29 00:00:00+00:00;55.09969853870571;0.0321718616156839;20.470861577242612;0.6992069403082133
2018-05-04 00:00:00+00:00;67.74548216843978;0.028920736098638735;19.57452500164509;0.8817554712295532
2018-05-09 00:00:00+00:00;51.078913007490335;0.03471274668874689;21.30665117278695;0.8569511556625367
2018-05-11 00:00:00+00:00;48.79148929808289;0.02460573239147198;7.859148996695876;0.8565352184325457
2018-05-16 00:00:00+00:00;75.82435293057934;0.019192187691363504;16.246950241550802;0.46262200832366945
2018-05-21 00:00:00+00:00;48.30807915413752;0.02629157242211512;20.309926379099487;0.5175370338559151
2018-05-26 00:00:00+00:00;56.916506447829306;0.019004283083975334;20.754743809625506;0.3250818743556738
2018-05-29 00:00:00+00:00;72.01727675106376;0.02852116972615475;19.86614133641124;0.4556080711632967
2018-06-08 00:00:00+00:00;26.926815615966916;0.023768115786113774;14.695697421208024;0.9392217420041561
2018-06-10 00:00:00+00:00;66.33553934386;0.029165644069598054;22.125957153365015;0.5706391413509846
2018-06-13 00:00:00+00:00;55.88954475019127;0.039805983167630614;13.40777853243053;1.040907214730978
2018-06-15 00:00:00+00:00;44.3382959889248;0.0396917448109249;25.69415592327714;0.6059910021722317
2018-06-18 00:00:00+00:00;66.49223090494051;0.01614648699117823;7.391983676701784;0.3145707809180021
2018-06-20 00:00:00+00:00;62.11987402988598;0.042243324897252015;32.32036522328853;1.0639346190541983
2018-06-23 00:00:00+00:00;71.24215922709554;0.04272964680762964;19.951946397870778;0.9792834240943193
2018-06-25 00:00:00+00:00;68.1218694133684;0.01990094853448681;23.111365136504173;0.8043501391261816
2018-06-30 00:00:00+00:00;69.79507975913585;0.03445425510588103;22.48809609003365;0.9487170033156872
2018-07-03 00:00:00+00:00;52.595889093447475;0.03193018544905353;25.16402350217104;0.5856981233507395
2018-07-05 00:00:00+00:00;43.239489406067875;0.02805579944062048;14.248271514102816;1.3199744375050069
2018-07-08 00:00:00+00:00;64.71610323153436;0.034929084896575674;27.79280993901193;0.6571532694250345
2018-07-10 00:00:00+00:00;61.41359335714951;0.031778540351917024;18.561071521416306;1.3534880250692367
2018-07-13 00:00:00+00:00;25.570890547987073;0.021873596348497105;17.661713198944927;1.964831869676709
2018-07-15 00:00:00+00:00;70.76422651223838;0.013786673120409251;18.019522374123333;0.7049740994721652
2018-07-18 00:00:00+00:00;59.71410727547482;0.0403465971033555;21.187432643398644;0.5656194770336151
2018-07-20 00:00:00+00:00;35.594096041843294;0.03320150733806657;27.44758977331221;0.7101685975492
2018-07-23 00:00:00+00:00;66.95710290353745;0.04516569294424258;17.685039094090463;0.892246140986681
2018-07-25 00:00:00+00:00;64.16199166402221;0.03234289689876606;17.193275478482246;0.3787187446653843
2018-07-28 00:00:00+00:00;57.237662189733236;0.02414475266339724;17.637503362074494;0.6132786716520786
2018-07-30 00:00:00+00:00;73.58629394490272;0.027364179941592747;15.594310135021805;0.9985042127966881
2018-08-02 00:00:00+00:00;67.68812708426267;0.019327050212700873;16.91937619484961;1.0152671598643064
2018-08-04 00:00:00+00:00;34.95613009054214;0.020020071214972988;22.988309981301427;0.4373888041079044
2018-08-07 00:00:00+00:00;51.953114348091184;0.02461773461359555;25.873902704939248;0.9718009781092405
2018-08-09 00:00:00+00:00;30.26574895847589;0.020052183730015525;9.278824727237225;1.406949768960476
2018-08-12 00:00:00+00:00;38.02675291104242;0.03460696688450406;15.941513295099139;0.6050305545330048
2018-08-14 00:00:00+00:00;44.13123355833814;0.025756098780361905;18.99289962798357;0.8058538933098316
2018-08-22 00:00:00+00:00;76.34203078951687;0.031822621206706384;23.528312714397906;0.5914392741769552
2018-08-24 00:00:00+00:00;43.08243772555143;0.027576941167982313;17.758712076023222;0.4298328008502722
2018-08-27 00:00:00+00:00;54.14675167631358;0.026863445192179664;15.398509669676423;0.9554722400009632
2018-08-29 00:00:00+00:00;78.56890244875103;0.03277229782291688;6.009031367301941;0.8138832993060351
2018-09-01 00:00:00+00:00;57.65755737265572;0.025390128424088502;26.264627962186932;1.0832158856838943
2018-09-13 00:00:00+00:00;48.2732466397807;0.029607328505557945;15.970116076990962;1.2282591672241687
2018-09-16 00:00:00+00:00;54.77512403121218;0.02869550435340499;19.128222750127314;1.1365599371492863
2018-09-21 00:00:00+00:00;65.44032873762771;0.034133763837092525;16.98427316211164;1.2490537955611944
2018-09-23 00:00:00+00:00;82.30164903644473;0.03972267900283917;15.49660729393363;1.0326484069228172
2018-09-28 00:00:00+00:00;49.81028687953949;0.031593057845765694;10.1921321131289;0.5226644083112478
2018-10-01 00:00:00+00:00;74.15387816503645;0.04122077322984118;17.807344399392605;1.1632949171215297
2018-10-03 00:00:00+00:00;76.09365976564587;0.029094910026015698;12.769563466310501;0.8649714836478233
2018-10-06 00:00:00+00:00;71.19512677518651;0.030710476903268114;17.4320817373693;0.9528310654312372
2018-10-08 00:00:00+00:00;49.51315727112815;0.03170830270419829;12.479882018640637;0.7741574656218291
2018-10-13 00:00:00+00:00;50.27080034632236;0.03482342672946399;16.722788241505622;0.7463167767226696
2018-10-16 00:00:00+00:00;52.632711151335386;0.04148067850777876;18.70991337671876;0.780135879740119
2018-10-26 00:00:00+00:00;61.65501625584439;0.04072159513696099;20.20051875524223;1.0386140425503254
2018-11-07 00:00:00+00:00;54.50178819866851;0.037448020316474165;20.317473819851877;1.02318634852767
2018-11-25 00:00:00+00:00;51.73140160078183;0.03901567699424919;18.727094284445048;1.499830557256937
2018-11-27 00:00:00+00:00;43.69676159406081;0.03173970985687337;22.547625970467926;0.9398860647529363
2018-11-30 00:00:00+00:00;36.52187392991036;0.03218014143307228;17.81735131293535;1.3825383576005696
2018-12-05 00:00:00+00:00;57.66788240829483;0.01877847080728973;15.866346836090088;0.6980513536185026
2018-12-07 00:00:00+00:00;55.09475089004263;0.042692080126167216;17.529795219004153;1.2967999017983676
2018-12-12 00:00:00+00:00;51.576615849416704;0.03993200806821694;22.440554277598856;0.7524923189729452
2018-12-15 00:00:00+00:00;69.87031634384766;0.026719815965113233;19.249574006348848;1.549307621642947
2018-12-17 00:00:00+00:00;41.2043313392438;0.03248301436761392;22.596081274002792;1.2541054386645556
2018-12-20 00:00:00+00:00;65.60855094557628;0.036709735652664686;28.319760938733815;0.8733338656276465
2018-12-25 00:00:00+00:00;65.85122855147347;0.020446937497076573;12.129604282602667;1.035787971317768
2018-12-27 00:00:00+00:00;56.932030654232946;0.03577131770525587;7.9182459771633145;0.7610349042713642
2018-12-30 00:00:00+00:00;61.533784390613434;0.02226167701918167;15.057727342844009;1.1596702779829502
2019-01-01 00:00:00+00:00;70.87389096599073;0.04132229728151576;17.166951117292047;1.092381026893854
2019-01-04 00:00:00+00:00;69.62463361546398;0.040337007429962914;20.92752388417721;1.318261248022318
2019-01-06 00:00:00+00:00;47.59109784066677;0.03116670359303239;14.279896252602338;1.1163384737074376
2019-01-09 00:00:00+00:00;47.3420201683417;0.03574124995549211;23.011369858309628;1.3442131862044335
2019-01-11 00:00:00+00:00;58.47887775525451;0.00887650456640406;19.964010839536787;0.5360735576599837
2019-01-16 00:00:00+00:00;66.73267692653462;0.03257004710419571;18.919524297863244;1.2243070143461228
2019-01-19 00:00:00+00:00;18.529496018681677;0.02561650593022351;8.32459565885365;1.3253313833475113
2019-01-21 00:00:00+00:00;60.88932260684669;0.019821629318478518;16.983927907794715;1.1951391346752644
2019-01-26 00:00:00+00:00;65.48539440631866;0.018394418199523345;27.805635632574557;0.679150345697999
2019-01-29 00:00:00+00:00;60.31234007803723;0.0363796858621063;16.812070551514626;0.8345141140371561
2019-02-03 00:00:00+00:00;46.84991288026795;0.02484764118022284;19.341248570755123;1.7363636784255505
2019-02-05 00:00:00+00:00;40.88625408718362;0.03038860232681034;16.667911195755003;1.0150556144863367
2019-02-08 00:00:00+00:00;66.32888915780931;0.025553590842685672;21.168738966435193;1.2348175323754549
2019-02-10 00:00:00+00:00;58.25585437882692;0.02514203391282355;13.957836654037237;1.585451991930604
2019-02-13 00:00:00+00:00;65.80703157130628;0.03033467794067692;22.096805219724775;1.288781255632639
2019-02-15 00:00:00+00:00;74.23796700555832;0.03606967013608665;8.399498984590172;1.7226963384449483
2019-02-18 00:00:00+00:00;90.84958289312199;0.02077133584928234;7.710159748792648;1.1270338256657124
2019-02-20 00:00:00+00:00;51.564460527896884;0.034126023549749536;18.9010520927608;0.5852551840990782
2019-02-23 00:00:00+00:00;23.25250121811405;0.01698307830858977;16.92736411988735;1.0343620239943265
2019-02-25 00:00:00+00:00;61.12121942071244;0.01634624757939017;18.03455770909786;0.4882632154226303
2019-02-28 00:00:00+00:00;77.5941607195884;0.03110022213414776;26.385429138317704;1.6972545498609544
2019-03-02 00:00:00+00:00;81.20598997734487;0.02775758189780169;15.922608024626971;0.9768076702207327
2019-03-05 00:00:00+00:00;80.5584118142724;0.034879598697437904;13.625746788829565;1.0054116628319025
2019-03-07 00:00:00+00:00;61.51316447723657;0.028276644732593562;23.799890369176865;1.331271546036005
2019-03-10 00:00:00+00:00;52.8644025394693;0.04183090645379854;24.992116156965494;0.5195812594890594
2019-03-12 00:00:00+00:00;34.674330265447495;0.040628336347290295;12.312583677470684;1.2020184444636106
2019-03-15 00:00:00+00:00;75.92746899425984;0.03812258948888628;18.783991618454458;0.7769538389891386
2019-03-17 00:00:00+00:00;63.20045556947589;0.025990089947031794;24.956622959300876;2.082439257055521
2019-03-22 00:00:00+00:00;17.23161745686084;0.03261923866302244;23.01246906891465;1.226630978807807
2019-03-25 00:00:00+00:00;59.12983213011175;0.02957117999398614;18.609702589735388;0.9092927281558514
2019-03-27 00:00:00+00:00;49.269701584614815;0.03142499727371618;13.12096254490316;0.6340885630995036
2019-03-30 00:00:00+00:00;30.875478295609355;0.025616628722730087;22.06532869525254;0.8222049101442098
2019-04-04 00:00:00+00:00;69.49890482788905;0.018154099441180002;10.355505615472794;0.5236794135719538
2019-04-09 00:00:00+00:00;31.22224639998749;0.02547414696346968;12.98961484991014;1.8008779338002205
2019-04-11 00:00:00+00:00;56.525754211191085;0.02221076947690453;11.337918374314905;1.0550164441019296
2019-04-14 00:00:00+00:00;58.14790298258886;0.021497403012192814;4.417414027824998;1.2938925417512654
2019-04-16 00:00:00+00:00;58.488620882108805;0.024498116290220046;12.074907166138292;0.529593788459897
2019-04-24 00:00:00+00:00;63.0419520162046;0.0174734496194171;10.549121578782797;1.4170901379734278
2019-04-26 00:00:00+00:00;54.89906234117225;0.0324063363830326;11.550583171471953;1.0749751479923726
2019-04-29 00:00:00+00:00;39.23708110805601;0.03693028495386239;11.322662022337317;0.5574209899455309
2019-05-04 00:00:00+00:00;61.59706354467198;0.01929778221112212;12.66192654594779;0.5865839648991823
2019-05-09 00:00:00+00:00;60.38607242805883;0.033279682740638986;15.601042254641651;0.8402623442560434
2019-05-11 00:00:00+00:00;47.82618026444688;0.03660602060467932;14.38159269914031;0.4096822188049555
2019-05-14 00:00:00+00:00;46.89156520171091;0.02493919910020197;23.528473964333536;0.5161907037347555
2019-05-16 00:00:00+00:00;58.02009587427601;0.028810997699713313;22.09445325732231;0.5860689625144004
2019-05-19 00:00:00+00:00;45.907083455938846;0.03287963259536771;18.983711421117185;1.4199498181045056
2019-05-26 00:00:00+00:00;49.99949049819261;0.028394203969021335;17.24441931322217;1.5542619608342647
2019-05-29 00:00:00+00:00;71.16909520374611;0.02193898891217543;18.887587708979844;1.2989415911585092
2019-05-31 00:00:00+00:00;65.15225423937663;0.032212071824166896;22.40907682441175;0.43000730335712434
2019-06-03 00:00:00+00:00;71.69438679870218;0.018869259931705868;7.401590479537845;0.7777051890641451
2019-06-08 00:00:00+00:00;34.19933220082894;0.02112153090010395;21.882823415473105;2.8177757485955954
2019-06-13 00:00:00+00:00;47.5443759676069;0.024025490461173474;14.360502649843692;1.165991111546755
2019-06-15 00:00:00+00:00;75.4305045302026;0.022177765561058188;26.87248363047838;0.8661622098833323
2019-06-18 00:00:00+00:00;50.68284691646695;0.025450578928948406;13.534231144189835;2.0272086720913647
2019-06-20 00:00:00+00:00;57.364580309949815;0.022022940900851953;14.945477320998908;1.3531172423809767
2019-06-23 00:00:00+00:00;53.01487093800679;0.029761417351453563;19.530779146775604;0.9839316655695438
2019-06-25 00:00:00+00:00;53.88220394207165;0.021904725072789007;10.673731514066457;1.4121085067093373
2019-06-28 00:00:00+00:00;55.941493588499725;0.031330006632884;13.176863831281661;1.350794913470745
2019-06-30 00:00:00+00:00;53.46695139380172;0.024088178840372728;19.553319459035993;1.0184205221384763
2019-07-03 00:00:00+00:00;62.34108769353479;0.024295087201916626;18.105730375647546;1.8517118555307388
2019-07-05 00:00:00+00:00;62.68750154143199;0.029967991337645793;20.363648412004114;1.5295419864356519
2019-07-10 00:00:00+00:00;73.46197234643623;0.026860565561754656;13.910020873695611;1.2108659403771163
2019-07-15 00:00:00+00:00;53.25215837685391;0.03905490395324303;15.564787362515926;0.6464541054517031
2019-07-18 00:00:00+00:00;60.07834079908207;0.03116675920311824;14.866667990386485;1.6987733251601458
2019-07-20 00:00:00+00:00;32.68455802584067;0.0364792863802984;27.745157921314238;0.6853863870352507
2019-07-23 00:00:00+00:00;59.16395325278863;0.0364874691285426;16.145129960402848;0.5364514555037022
2019-07-25 00:00:00+00:00;34.104810485430065;0.03464019479015841;6.747885406762362;0.8159085018932819
2019-07-30 00:00:00+00:00;52.86615617359057;0.020161996386386466;25.621566239744425;0.808586106672883
2019-08-02 00:00:00+00:00;65.1295719170943;0.02392203575551977;21.765810241550206;0.859591112062335
2019-08-04 00:00:00+00:00;14.511162668652833;0.016247816664981655;10.481602685898542;0.3953561846911907
2019-08-09 00:00:00+00:00;47.645550444535914;0.03334752738957756;22.252006819471717;0.26651173666119576
2019-08-12 00:00:00+00:00;50.22234079707414;0.025506285670772188;14.603880370035768;2.1126196543872355
2019-08-14 00:00:00+00:00;55.43505198499188;0.029519794401037535;13.246103472262622;0.6183769448846579
2019-08-17 00:00:00+00:00;31.12814404312521;0.022618196185282442;17.925693045556546;1.7865126382559537
2019-08-19 00:00:00+00:00;62.78328844420612;0.02456099166618659;23.794647328183054;0.40686523154377935
2019-08-22 00:00:00+00:00;53.75653055291623;0.025974670323170707;13.307374647259712;1.1020565857738256
2019-08-24 00:00:00+00:00;65.38106396719813;0.026364277090388334;19.1969790533185;0.38835518442094324
2019-08-27 00:00:00+00:00;52.2457955523394;0.025003592510498118;25.625144451111556;1.1712897688150405
2019-09-01 00:00:00+00:00;59.20063965441659;0.0356502228975529;11.892748687416315;0.637166246175766
2019-09-03 00:00:00+00:00;28.777544382214547;0.03727149424063974;16.517765406891705;1.2957626865059138
2019-09-18 00:00:00+00:00;58.97499162983149;0.03763682611430998;23.926747488602995;0.87261488430202
2019-09-26 00:00:00+00:00;44.96002299422398;0.034167444623541064;19.870461400225757;0.8269980163872241
2019-10-01 00:00:00+00:00;86.41481286128983;0.03239430647785775;11.507162366434931;1.0474616652727127
2019-10-03 00:00:00+00:00;65.9312660695985;0.031175898084975767;16.454626945406197;0.3675097267329693
2019-10-06 00:00:00+00:00;49.84000607039779;0.030036645233002503;21.856402888149024;1.6476400209218263
2019-10-08 00:00:00+00:00;52.965255530178545;0.03057933288831265;18.820621448755265;1.194662576392293
2019-10-11 00:00:00+00:00;40.039211813546714;0.03690000291836919;3.1704993609339;0.5666118175536394
2019-10-13 00:00:00+00:00;66.89497723132372;0.028168200036417675;17.62444967329502;0.8784775224328041
2019-10-16 00:00:00+00:00;83.84048966132104;0.04261612177526117;10.122841952741146;0.9624844992160797
2019-10-21 00:00:00+00:00;56.10109030576423;0.03222896390736571;22.59893713630736;0.5906271331757307
2019-10-26 00:00:00+00:00;46.12910727486015;0.02380958214299755;12.768414679542184;1.830741999298334
2019-11-02 00:00:00+00:00;44.44246951639652;0.03416082512475547;13.155867116898298;0.6045813623815774
2019-11-05 00:00:00+00:00;58.14449831349775;0.021209236661251633;17.021395816653968;1.1676430967450142
2019-11-07 00:00:00+00:00;65.96066010361537;0.031118765327171456;13.216101426258684;0.8254543418437242
2019-11-10 00:00:00+00:00;54.865601867903024;0.020686309864511726;25.505691714212297;1.2103753308951855
2019-11-12 00:00:00+00:00;95.09565623113886;0.03443991667097433;16.781185268238186;0.6158578832447529
2019-11-17 00:00:00+00:00;69.19337990432977;0.031035012380895188;11.759704517945647;1.2712153994292021
2019-11-25 00:00:00+00:00;47.59220383083448;0.03497327034536281;13.135038523003459;1.0900864984095096
2019-11-30 00:00:00+00:00;72.90591745469719;0.04066450136464553;15.953448286652565;1.3082319415360688
2019-12-07 00:00:00+00:00;60.59771535703912;0.03794237587298265;27.506225508078934;0.9552479533106089
2019-12-10 00:00:00+00:00;60.3296189696528;0.030689728846983046;13.78835367038846;1.243361662402749
2019-12-12 00:00:00+00:00;81.64611196368932;0.04237137919755196;13.554779898002744;1.2601595284789802
2019-12-15 00:00:00+00:00;42.805862504336986;0.03870689912033263;23.47124838978052;0.9838848561048508
2019-12-22 00:00:00+00:00;29.231013231445104;0.03320314986887387;7.353463006764651;0.882114638760686
2019-12-25 00:00:00+00:00;65.01648313496261;0.03674277171171269;9.46173417903483;0.7672457867860794
2019-12-27 00:00:00+00:00;56.073101536929606;0.03705347147234714;28.666990170255303;1.0942567041516305
2020-01-01 00:00:00+00:00;48.128615367691964;0.034604189387708935;14.865414946898818;0.9895268286764621
2020-01-04 00:00:00+00:00;58.4930383159779;0.029360562009201382;9.452055935561656;1.379521081224084
2020-01-06 00:00:00+00:00;35.65801046239212;0.034699424054799616;22.129139161854983;0.7751366505771875
2020-01-09 00:00:00+00:00;52.39943962357938;0.03376286213966083;10.381361693516373;0.8556711869686842
2020-01-11 00:00:00+00:00;25.783164820820094;0.026447376171872015;21.965378337725998;1.5250360626727342
2020-01-14 00:00:00+00:00;59.35568461129442;0.037561187564791154;12.406911811977626;1.253505038022995
2020-01-16 00:00:00+00:00;94.05028514573351;0.024616987252375086;11.082427301630378;1.0736025789380073
2020-01-26 00:00:00+00:00;44.63917400380596;0.0276990538756829;17.820164945721626;1.574736714810133
2020-01-31 00:00:00+00:00;76.83143045883625;0.03981462652101181;13.048192534595728;3.5953641053289176
2020-02-03 00:00:00+00:00;63.851600603573026;0.03306475804208311;18.51050694733858;0.9095042310655117
2020-02-10 00:00:00+00:00;49.69650378338993;0.029372579506924366;16.36839502491057;1.241738501265645
2020-02-13 00:00:00+00:00;36.095246200915426;0.04007331131903918;15.272776393592357;0.8518216115981341
2020-02-15 00:00:00+00:00;44.60345542104915;0.013545147389243346;11.002051984146238;0.5066258197277784
2020-02-20 00:00:00+00:00;56.51327711967751;0.02858365706219339;11.589859536290168;0.8343733860552311
2020-02-23 00:00:00+00:00;67.23693727925419;0.03034754855046046;19.20347977988422;0.9580651766806841
2020-02-25 00:00:00+00:00;48.535859177820385;0.03886405466138388;8.95083946287632;0.5495013882219791
2020-02-28 00:00:00+00:00;58.95149627355859;0.03340269298783969;14.61241680048406;1.1052412354201078
2020-03-11 00:00:00+00:00;54.90455237822607;0.0333834395826096;12.920513074100018;0.6369228809326887
2020-03-14 00:00:00+00:00;37.46028086571023;0.022907988871238186;14.073010064288974;1.8267202154546975
2020-03-26 00:00:00+00:00;40.284115054737775;0.016459555688663367;12.936308938637376;1.0998218492418528
2020-03-29 00:00:00+00:00;59.7001431918703;0.025634966993308625;18.337047035992146;0.9743915545940399
2020-04-05 00:00:00+00:00;49.15683750845492;0.03440871836794539;17.672806653007864;1.219704014658928
2020-04-08 00:00:00+00:00;44.510070918127894;0.030737077897740557;18.15641834996641;1.072218721359968
2020-04-13 00:00:00+00:00;78.17013130933046;0.028835691190743817;23.593106069788337;0.7921264231204986
2020-04-30 00:00:00+00:00;47.110592819098386;0.03933869508637586;20.535146307200193;0.4859793000668287
2020-05-03 00:00:00+00:00;49.71660597827285;0.035610985447769056;25.503483203053474;1.582293773368001
2020-05-13 00:00:00+00:00;58.37941461680457;0.031105133352801205;10.57219990119338;1.1072597514092921
2020-05-18 00:00:00+00:00;68.14604790788144;0.022362717186589748;16.412328991293908;0.791572049409151
2020-05-20 00:00:00+00:00;58.31079236529767;0.028505837609153248;30.017531245574354;0.4976624345034361
2020-05-23 00:00:00+00:00;71.9631861301139;0.03477544228036423;21.00841684155166;1.5845138426870107
2020-05-28 00:00:00+00:00;38.37809625528753;0.027610980337928033;24.954493042826652;0.9381109727174044
2020-05-30 00:00:00+00:00;36.98929961677641;0.041837256905576214;17.61666775159538;0.7988331184536218
2020-06-12 00:00:00+00:00;49.973642555158584;0.03083622330359648;17.067884624376894;2.0220666417479514
2020-06-14 00:00:00+00:00;58.767657074332234;0.02884332692516036;15.758776527643203;0.7234723950177431
2020-06-17 00:00:00+00:00;56.90652069831267;0.028413254984538075;14.351117641106248;0.4300288932025433
2020-06-19 00:00:00+00:00;70.59052085857839;0.022002184418588856;12.263255462795495;0.5465069490671158
2020-06-22 00:00:00+00:00;56.968865246325734;0.020517642028466794;15.998644194379448;1.8163854065537453
2020-06-29 00:00:00+00:00;48.530788734927775;0.03699863724047317;17.150396393984558;0.48956888034939766
2020-07-02 00:00:00+00:00;48.92623061845079;0.03524073757356963;17.81136587932706;1.3346629513055086
2020-07-04 00:00:00+00:00;53.38111242791638;0.02992098515226973;13.85634322501719;1.102493453770876
2020-07-07 00:00:00+00:00;46.21408051084727;0.02819565058685841;8.428311100974678;1.2391637482494116
2020-07-09 00:00:00+00:00;48.077950024791065;0.020094190657907164;9.066024742275477;0.9639675265550613
2020-07-12 00:00:00+00:00;76.89564570747316;0.020700727571477198;7.781164871156216;0.9674574075639248
2020-07-17 00:00:00+00:00;50.36298297317698;0.04117024250475217;24.96133106574416;0.5349433077871799
2020-07-19 00:00:00+00:00;40.294246771652254;0.02124659482750576;18.24230783767998;1.0565697322785854
2020-07-22 00:00:00+00:00;63.93275985056535;0.017140288499928994;16.45625296458602;1.3699187483638524
2020-07-24 00:00:00+00:00;75.05255050761625;0.03541033680117686;23.974192212894557;0.5116478721052409
2020-07-27 00:00:00+00:00;70.70969883939252;0.034536691154865566;22.099893947690724;1.608061524555087
2020-07-29 00:00:00+00:00;46.86466952105984;0.03926184153263459;23.98252221122384;0.7225794608145952
2020-08-03 00:00:00+00:00;82.46772092599421;0.03292912944811395;21.097496857494114;0.5536839928478002
2020-08-06 00:00:00+00:00;82.57312305858359;0.030912129823467676;25.14126884676516;0.38763445176184175
2020-08-08 00:00:00+00:00;82.84901400338859;0.03285648941046095;21.31566468924284;0.30889641009271146
2020-08-13 00:00:00+00:00;63.48223285144195;0.008654975820682021;16.549307807162403;0.7433740097284317
2020-08-16 00:00:00+00:00;63.17163029741496;0.026123453402146703;19.81232697814703;0.7139482888579368
2020-08-18 00:00:00+00:00;59.769164512585846;0.01601640971100425;17.216432817652823;0.6784571751952171
2020-08-21 00:00:00+00:00;76.6402130539529;0.026512611686624613;32.32042121216655;0.5222308290749789
2020-08-23 00:00:00+00:00;60.26330651137978;0.020005115410080182;22.152212216705085;1.0647164687514306
2020-08-26 00:00:00+00:00;48.624848359730095;0.027054463023156883;11.893976583331824;0.4239685866981745
2020-08-28 00:00:00+00:00;50.06395356552675;0.022855766215827314;8.993318969383836;0.7301640985906124
2020-08-31 00:00:00+00:00;63.52644355008378;0.04065811838437804;12.382421977072955;1.560599983111024
2020-09-02 00:00:00+00:00;50.887463446799664;0.027067462043906546;15.196833837404848;1.0661804699897766
2020-09-05 00:00:00+00:00;65.90125066377223;0.025266985277901416;22.345082446932793;0.729577152878046
2020-09-07 00:00:00+00:00;58.605655919574204;0.03849121481152254;20.843897043168546;0.5784676523506641
2020-09-10 00:00:00+00:00;57.99945966592058;0.03379385483963417;10.690058862790465;0.5751328258961439
2020-09-12 00:00:00+00:00;71.29962927252055;0.03208701180049686;24.165640934556723;0.6287988683581353
2020-09-22 00:00:00+00:00;48.70847290195525;0.030617041747947233;13.139613031968475;0.2501215960085392
2020-09-25 00:00:00+00:00;47.808878974150865;0.03498515199234241;14.51347302608192;0.69829689450562
2020-09-27 00:00:00+00:00;42.66517163487151;0.0344584408548195;20.34112131819129;0.4513279215991497
2020-10-05 00:00:00+00:00;52.39437025021762;0.015305914811580432;14.843906380981206;0.45817713119089604
2020-10-07 00:00:00+00:00;29.99022626420483;0.028215009736083426;15.538018474727869;0.5483923578262329
2020-10-12 00:00:00+00:00;59.85618242416531;0.03720002419499216;30.461746308207513;1.2285777509957552
2020-10-15 00:00:00+00:00;96.95732255559415;0.036294888104824376;4.100652595609427;0.3423562505096197
2020-10-25 00:00:00+00:00;64.39981875084341;0.02961015795122366;18.90040312446654;0.15085203304886818
2020-10-27 00:00:00+00:00;39.66977783245966;0.020389450390054843;15.17211398035288;0.5024643857032061
2020-10-30 00:00:00+00:00;61.568020240962504;0.03818674432758709;17.52033877149224;0.46698103673756125
2020-11-01 00:00:00+00:00;49.50963506223634;0.028519505926757102;27.062309051677584;0.4130627299100161
2020-11-09 00:00:00+00:00;28.748596170451492;0.011795437016081971;30.457605568692088;0.19521614119410516
2020-11-11 00:00:00+00:00;63.77055762708187;0.030464419281855247;12.330403758957981;0.4873071620613337
2020-11-19 00:00:00+00:00;41.50154645070434;0.032048381371702975;23.270354260131718;0.9508370020240545
2020-11-21 00:00:00+00:00;42.67950820615515;0.00668215711915401;4.37957225702703;0.028319685980677606
2020-11-29 00:00:00+00:00;81.07428984949365;0.03256621684029233;8.777453932538629;0.1193453561514616
2020-12-01 00:00:00+00:00;63.233523574098946;0.017269589809281727;23.078039002791048;0.6747207283973694
2020-12-06 00:00:00+00:00;66.89429793478921;0.028063563870568745;19.830228485167027;0.1437058585882187
2020-12-09 00:00:00+00:00;47.761334164720026;0.03347637335043402;26.428751511871816;0.1865505562722683
2020-12-16 00:00:00+00:00;74.96927921073511;0.004296645417739647;7.56834570504725;0.2407053641229868
2020-12-19 00:00:00+00:00;52.672019911464304;0.02874448305324189;13.456572615355253;0.3755433039367199
2020-12-24 00:00:00+00:00;86.53383052004502;0.03387923008224457;21.161586496978998;0.18389856860041617
2020-12-26 00:00:00+00:00;72.9882904225029;0.018307545419130447;17.114942360296844;0.398416290730238
2020-12-29 00:00:00+00:00;88.94552063439042;0.017750982745480717;16.615439998731016;0.6403727704286575
2020-12-31 00:00:00+00:00;42.96324110785499;0.039402451310749216;12.051426446810364;0.40380889892578126
2021-01-03 00:00:00+00:00;66.0582858864218;0.02690214814119973;28.420356884598732;0.43263627380132674
2021-01-05 00:00:00+00:00;48.86899779066444;0.027618037061509667;19.10960951000452;0.32006049871444703
2021-01-13 00:00:00+00:00;23.127603596355765;0.031406416334677494;8.783679419755936;0.12228238128125668
2021-01-15 00:00:00+00:00;62.531014473829416;0.01711044353228062;26.578331860899926;0.06117543138563633
2021-01-18 00:00:00+00:00;66.76705627841875;0.03510431833409245;20.77452300898731;0.3133515499532223
2021-01-25 00:00:00+00:00;24.69547761231661;0.027840327697433515;13.839558310434223;0.5501279406994581
2021-01-28 00:00:00+00:00;44.984451971016824;0.02207932475432753;15.786259013041853;0.4605596221238375
2021-02-02 00:00:00+00:00;53.88503189021721;0.023666085108392864;19.21197040528059;0.30218935772776606
2021-02-04 00:00:00+00:00;44.83054292555899;0.02081232202614192;26.17877338193357;0.2600587947666645
2021-02-14 00:00:00+00:00;85.614915615879;0.025665452713239945;8.33685649074614;0.5471502830088139
2021-02-19 00:00:00+00:00;66.07919447068124;0.03800908722372258;5.369710345566273;0.4163163015246391
2021-03-09 00:00:00+00:00;34.17093367977068;0.042351413486944545;20.51257394775748;0.5294351238757372
2021-03-11 00:00:00+00:00;60.2147484915331;0.035483904984779685;19.103035575151445;0.03881074644625187
2021-03-14 00:00:00+00:00;64.19629590697586;0.03779913097573444;27.801866319403054;0.3669123124331236
2021-03-16 00:00:00+00:00;76.31268071997911;0.0232885555658955;23.537712617591023;0.3876430965960026
2021-03-21 00:00:00+00:00;46.621106439922;0.03174361775144936;16.17246073037386;0.18024450466036795
2021-03-24 00:00:00+00:00;45.994252507388595;0.02223353760091123;29.516560586541893;0.5253580417484045
2021-03-26 00:00:00+00:00;71.65603430364281;0.010361641817959009;27.42292452827096;0.5095837431401015
2021-03-31 00:00:00+00:00;58.34022276336327;0.03505832938472739;23.663661386072636;0.2848839682340622
2021-04-05 00:00:00+00:00;56.98973222952336;0.016924366677110097;14.188961900025607;0.09961777865886688
2021-04-18 00:00:00+00:00;72.12095540640875;0.019217249519820317;27.032559173181653;0.10686400860548019
2021-04-20 00:00:00+00:00;57.709299337677656;0.030540052031516097;14.46664285287261;0.2975009999424219
2021-04-28 00:00:00+00:00;34.025564674194904;0.014775914211943743;17.909287421405317;0.5835880729556083
2021-04-30 00:00:00+00:00;51.775442160014066;0.03401428235701751;32.19852564074099;0.7482460501044988
2021-05-08 00:00:00+00:00;51.245700552500786;0.016859651100402707;12.031354805082083;0.26477607868611813
2021-05-15 00:00:00+00:00;47.31032634079456;0.02150505924168973;25.078686022385956;0.640045040845871
2021-05-18 00:00:00+00:00;46.31963387448341;0.01925362424394117;23.890053502470256;0.6960436145216227
2021-05-20 00:00:00+00:00;54.35850839354098;0.01263149117287249;5.913240902125835;0.12428327970206737
2021-06-07 00:00:00+00:00;58.885219322890045;0.020149343501077957;19.829841382801533;0.4890976413339376
2021-06-09 00:00:00+00:00;69.81148527534678;0.028827902395231666;18.856262988597155;0.27443506702780723
2021-06-12 00:00:00+00:00;52.802597552351656;0.02250824830450583;15.482795201987027;0.8803163269907236
2021-06-14 00:00:00+00:00;65.44950973894447;0.028872503068274824;20.098351873829962;0.5855451177060604
2021-06-24 00:00:00+00:00;51.237839919794354;0.02039577931850217;32.74363931082189;0.5182492165267467
2021-06-27 00:00:00+00:00;57.65812159627676;0.02879056326113641;9.016612837836146;0.4188030844926834
2021-06-29 00:00:00+00:00;39.14931036354974;0.024228528898581857;23.611477729678153;0.5308816393464804
2021-07-02 00:00:00+00:00;64.60633970685303;0.028880977580370372;18.27680127248168;0.6971714840829373
2021-07-04 00:00:00+00:00;71.71206729914994;0.009115478421701129;15.743367693573237;0.5529137230664491
2021-07-09 00:00:00+00:00;49.72631449494511;0.04136071879758967;19.650211206823588;0.15223199486732483
2021-07-12 00:00:00+00:00;44.36991063840687;0.019206334505067188;15.839277601242065;0.6650796476006507
2021-07-14 00:00:00+00:00;27.122379356529564;0.039217394384206225;19.659932205826046;0.3878036638349295
2021-07-17 00:00:00+00:00;76.01806829851121;0.023061922301282168;9.765862688794732;0.5835078606754541
2021-07-19 00:00:00+00:00;28.683117409422994;0.0191291043610079;13.340143249183892;0.189683540686965
2021-07-22 00:00:00+00:00;76.04845490735025;0.015506834523542797;8.348251559212803;0.26727690175175667
2021-07-24 00:00:00+00:00;70.09677482796833;0.040724976123101025;28.446691950783134;0.273441653996706
2021-07-27 00:00:00+00:00;57.56303345775232;0.03853309814943933;12.432545324787498;0.2814370557665825
2021-07-29 00:00:00+00:00;69.1970480632037;0.016054812634480203;21.62845018990338;0.3045053005218506
2021-08-01 00:00:00+00:00;68.37609965810552;0.02930310258425307;17.332259847596287;0.48410650812089445
2021-08-06 00:00:00+00:00;98.68645119378343;0.033540501537267085;29.773632903024556;0.15484825268387795
2021-08-08 00:00:00+00:00;55.87593623539433;0.010050674229743886;21.187934939935804;0.4667284118384123
2021-08-13 00:00:00+00:00;52.75199302826077;0.02997175874530803;22.844166328012943;0.3594519703835249
2021-08-16 00:00:00+00:00;55.036213766317815;0.025053936873958467;15.715202223137021;0.28841941863298415
2021-08-18 00:00:00+00:00;47.54336310243234;0.030306009658193207;22.38456333130598;1.4658980175107716
2021-08-26 00:00:00+00:00;48.71008947528899;0.027940808807336702;19.15528242252767;0.6736740269511938
2021-08-28 00:00:00+00:00;61.08059118837118;0.04125432349161711;25.718783677741886;0.21395792186260223
2021-08-31 00:00:00+00:00;46.91186897139996;0.03228707016804257;21.577109877765178;0.4488688612729311
2021-09-02 00:00:00+00:00;37.54254050934687;0.03256343721463348;19.580288951843976;0.6525352500379086
2021-09-05 00:00:00+00:00;56.8854928961955;0.030267174146091556;22.895122288540005;0.4335553966462612
2021-09-07 00:00:00+00:00;69.81086367303506;0.019075655613583514;27.854789767786862;0.30361600309610365
2021-09-10 00:00:00+00:00;75.26439098734409;0.01574354846386706;26.46386625431478;0.24192293018102645
2021-09-12 00:00:00+00:00;56.78078504381701;0.025374690034543148;25.86591716296971;0.6133435440063476
2021-09-15 00:00:00+00:00;70.85948722325266;0.007321833674632941;25.077941404655576;0.26363925479352474
2021-09-17 00:00:00+00:00;43.85211976263672;0.03675067528593352;24.929201052337884;0.41693305157124994
2021-09-20 00:00:00+00:00;52.58207520516589;0.02434561736129692;26.17496014907956;0.38506434693932534
2021-09-30 00:00:00+00:00;39.85647850614041;0.03461983823699405;19.57221427038312;0.8582252155989408
2021-10-05 00:00:00+00:00;66.79665383268147;0.03999873285221403;22.203883995488287;0.32416968025267123
2021-10-07 00:00:00+00:00;64.08979730652645;0.04156476985146285;27.121074367687108;0.3436410378664732
2021-10-12 00:00:00+00:00;51.479079333506526;0.033819205680163576;18.955238092690706;0.45992056794464586
2021-10-15 00:00:00+00:00;24.144291298743337;0.023858982082572734;15.496391879022122;0.16416791647672654
2021-10-17 00:00:00+00:00;71.03468246087432;0.027767315036756918;17.58712946549058;0.40430552400648595
2021-10-20 00:00:00+00:00;59.13478735871613;0.038130203211028155;20.804668473824858;0.5769005727767944
2021-11-01 00:00:00+00:00;44.48151257801801;0.023341711768135428;11.019056466966868;1.4560867895931005
2021-11-04 00:00:00+00:00;64.12509897816926;0.03377599739839789;17.296673445776104;0.31972031891345976
2021-11-06 00:00:00+00:00;71.05009905342013;0.013643539866269573;36.59336746968329;0.3565752647817135
2021-11-09 00:00:00+00:00;25.14727141642943;0.02529053552707193;35.02025012820959;0.21107227668166162
2021-11-11 00:00:00+00:00;26.7417998785153;0.02683432138860225;16.04750891700387;0.31606651686131954
2021-11-14 00:00:00+00:00;28.189439090155066;0.018640221147914405;18.160886930674316;0.5716729599237442
2021-11-16 00:00:00+00:00;56.14181549763307;0.01776539752953684;17.381071638688447;0.2829770287871361
2021-11-24 00:00:00+00:00;66.71793434433638;0.03351005187355911;10.106044887751342;0.4592791222780943
2021-11-29 00:00:00+00:00;61.585509289242324;0.027194485847046597;29.795575399696826;0.6843472900986671
2021-12-01 00:00:00+00:00;30.849471570271998;0.04241516213708087;19.872075033187866;0.29689427025616166
2021-12-04 00:00:00+00:00;36.160465280059725;0.04078289502030239;31.009294364601374;0.2638139373064041
2021-12-06 00:00:00+00:00;66.22646070104092;0.013344595954567202;26.639028289541603;0.20521046817302704
2021-12-09 00:00:00+00:00;38.74929863186553;0.029748060174076846;17.624028762057424;0.56363045476377
2021-12-11 00:00:00+00:00;65.26283411318437;0.02997370951445771;21.64894847124815;0.5740623997151851
2021-12-14 00:00:00+00:00;66.00010844981298;0.026171856277110078;12.701190141215921;0.32313717901706696
2021-12-31 00:00:00+00:00;44.5753552345559;0.04517504635483491;31.067837519571185;0.2082086441665888
2022-01-03 00:00:00+00:00;72.33228121129795;0.02574022190649992;19.396048520505428;0.1703786124289036
2022-01-05 00:00:00+00:00;36.30175257483497;0.016952840918605248;16.173761462420224;0.2661483547091484
2022-01-10 00:00:00+00:00;73.02758863996715;0.029736678072740302;17.040510343760253;0.5052285054326058
2022-01-15 00:00:00+00:00;67.77877531135455;0.03066833207791202;38.52323915399611;0.22992595992982387
2022-01-18 00:00:00+00:00;52.808467018790545;0.026764276228495906;19.558282908424736;0.3484140532463789
2022-01-20 00:00:00+00:00;60.40677694603801;0.0405955863852286;15.015862610563635;0.2395008361339569
2022-01-28 00:00:00+00:00;26.877628309372813;0.013171642571152185;17.857542188093067;0.1499705871194601
2022-01-30 00:00:00+00:00;63.701815077941866;0.03567537348652257;11.29213002063334;0.3685600320249796
2022-02-02 00:00:00+00:00;60.3074170941487;0.019984488987992557;24.898545676842332;0.48166316889226435
2022-02-07 00:00:00+00:00;56.22451756848022;0.02932730279986281;17.120983375608922;0.34087273351848124
2022-02-17 00:00:00+00:00;56.79256455432623;0.029266880800458604;17.845329954475165;0.5689721795916557
2022-02-22 00:00:00+00:00;47.00473550893366;0.020893934841966257;32.450665809959176;0.6507937625050545
2022-02-24 00:00:00+00:00;61.847467882931234;0.014161239605373719;13.589572551846505;0.3300996168702841
2022-03-01 00:00:00+00:00;54.390023256000134;0.03389740942488424;21.96279976628721;0.382787562161684
2022-03-09 00:00:00+00:00;51.73640501564368;0.02807542554954997;23.731697087734936;0.7318551325052977
2022-04-03 00:00:00+00:00;22.679597872775048;0.0336911572222598;9.515627160668373;0.4080260656028986
2022-04-23 00:00:00+00:00;30.098902807477863;0.031346051854197914;22.401192490383984;0.5024279828369618
2022-04-25 00:00:00+00:00;76.35413795961067;0.028369266573968342;33.617393078282475;0.3368596490472555
2022-05-03 00:00:00+00:00;60.85821038689464;0.03694094409768;25.972703024372457;0.8487702133506536
2022-05-08 00:00:00+00:00;80.67691014921293;0.022984027316607553;14.769916819408536;0.633404595181346
2022-05-10 00:00:00+00:00;40.54998778915033;0.019847539927437888;17.515698922798038;0.538527504876256
2022-05-13 00:00:00+00:00;30.454445148259403;0.02731695906857494;16.05571387782693;0.5685786174982786
2022-05-15 00:00:00+00:00;39.0771996261552;0.028232743705669434;21.738448099046945;0.9363876762986183
2022-05-18 00:00:00+00:00;62.85311677819118;0.0157852020003833;16.463801451027393;0.45677511267364024
2022-05-23 00:00:00+00:00;58.15571909658611;0.031146991709573153;17.064384504035115;0.6254970364272594
2022-05-25 00:00:00+00:00;55.8326558964327;0.03414160858690738;15.209278957173229;1.7764624205231667
2022-05-28 00:00:00+00:00;53.40244791787118;0.019557842619367882;31.888141711428762;0.5969753123819828
2022-05-30 00:00:00+00:00;79.62308019353077;0.023442576065193864;27.376701059564947;0.7164982768148184
2022-06-04 00:00:00+00:00;57.99155099038035;0.030046487385523516;23.620822962373495;0.5021657381951808
2022-06-07 00:00:00+00:00;66.58214851338417;0.020303623455273912;15.660151369869709;0.2769825567305088
2022-06-09 00:00:00+00:00;35.300162891298534;0.026382926319795646;21.005533954501153;0.787047933936119
2022-06-12 00:00:00+00:00;46.48701019315049;0.02915374788581395;16.880736803263424;0.25272122740745545
2022-06-14 00:00:00+00:00;70.11352350683883;0.017601337407762194;26.30526916049421;0.9710569587349892
2022-06-17 00:00:00+00:00;50.792302877269684;0.01589949138087686;26.429643272981046;0.5112911852449179
2022-06-19 00:00:00+00:00;42.107036360166965;0.030802629024116356;17.769390950724482;0.8180271842330694
2022-06-22 00:00:00+00:00;62.708272558823225;0.01402847128256687;7.608530452474952;0.22816846810281277
2022-06-24 00:00:00+00:00;42.892075980175285;0.02950661638509485;10.212982635200024;0.6881744902580976
2022-06-27 00:00:00+00:00;57.72035932028666;0.009264513239054941;5.315620885789395;0.5446524997800588
2022-06-29 00:00:00+00:00;48.91201929701492;0.02936471064335201;17.048720321804286;0.8153098670393228
2022-07-02 00:00:00+00:00;72.71999168070033;0.043783825088432086;25.682656732574106;0.8130096209049225
2022-07-04 00:00:00+00:00;64.62610762212425;0.019109700334514503;19.82335625104606;1.1872565449774266
2022-07-07 00:00:00+00:00;40.10079205986112;0.02308029156164266;21.30103368461132;0.5097978419065475
2022-07-09 00:00:00+00:00;66.56883786600083;0.017646674245689064;18.598034896329047;0.3453598913550377
2022-07-12 00:00:00+00:00;30.56762054907158;0.03647839596178384;30.159897012636065;0.366726533472538
2022-07-14 00:00:00+00:00;40.56403920752928;0.036920267539238584;17.432810148596765;0.5906677028536796
2022-07-17 00:00:00+00:00;77.6337632196024;0.015781137995165763;15.399340031668544;0.40385262049734594
2022-07-19 00:00:00+00:00;53.45085530187934;0.0154613423284376;19.631460743397476;0.4556719209998846
2022-07-22 00:00:00+00:00;63.59981936421245;0.030970974713796746;21.324157140776514;0.12908108331263066
2022-07-24 00:00:00+00:00;87.57857848694547;0.028096778147388247;24.057868153974415;0.4613516292721033
2022-07-27 00:00:00+00:00;36.38678367817774;0.030838416827749442;20.930118710175158;1.0591354025900364
2022-07-29 00:00:00+00:00;61.04433759329841;0.021494242276414288;23.678603782877325;0.7192379856109619
2022-08-01 00:00:00+00:00;35.18096413454041;0.04398823228252586;20.71344469860196;0.6442618378996849
2022-08-03 00:00:00+00:00;69.17527727317065;0.019139891590154723;12.606412103399634;0.6883246513456106
2022-08-06 00:00:00+00:00;53.74546830113977;0.029751455209543937;21.31913827210665;0.7049028813838959
2022-08-08 00:00:00+00:00;25.553313485719265;0.021269699716335175;17.948463682457806;0.22410401068627833
2022-08-11 00:00:00+00:00;40.90844612382352;0.017855071721971025;11.112038612738251;0.252607598900795
2022-08-16 00:00:00+00:00;38.995226429309696;0.01834668343376834;21.427412332966924;0.5382828052341938
2022-08-18 00:00:00+00:00;31.72332432679832;0.03299001663895322;23.02948314920068;0.5997879341989756
2022-08-21 00:00:00+00:00;23.013867076020688;0.017883340618084182;7.602797378227114;0.8909906288981437
2022-08-23 00:00:00+00:00;64.36267823707313;0.03639024717793798;21.127523876726627;0.4146941799670458
2022-08-28 00:00:00+00:00;39.46148480214178;0.02365080634891056;7.472030783072114;0.8423623152077198
2022-08-31 00:00:00+00:00;68.8612954155542;0.01588665955904872;13.183970280364155;0.41160730332136153
2022-09-02 00:00:00+00:00;69.89082869561389;0.013398198873479842;23.58209791369736;0.3907837047427893
2022-09-05 00:00:00+00:00;43.30733588915318;0.03358722456078976;14.29609869606793;0.5345493532717228
2022-09-07 00:00:00+00:00;55.42895406410098;0.036367370257945765;28.9582730460912;0.4938499192148447
2022-09-10 00:00:00+00:00;71.0151662869379;0.03757554129827768;24.208095317333935;0.4608825444430113
2022-09-15 00:00:00+00:00;75.76047187447548;0.030417492303997266;12.800491541996598;0.6223021817207336
2022-09-17 00:00:00+00:00;45.321789384726436;0.03375225667410999;21.389957987517118;0.7407508759200573
2022-09-20 00:00:00+00:00;40.798822374735025;0.021342877218243673;21.95181630961597;0.7571154480427503
2022-09-22 00:00:00+00:00;56.55791689073667;0.01536471383550668;16.359276027232408;0.13243006974458693
2022-09-27 00:00:00+00:00;68.00727294413373;0.020431543946661964;21.266632802411912;0.2822203025966883
2022-09-30 00:00:00+00:00;64.10043894890696;0.022506579232332284;14.847144862264395;0.5714817814528942
2022-10-02 00:00:00+00:00;62.21436173748225;0.017968782164971348;16.884033948928117;0.3777747633308172
2022-10-05 00:00:00+00:00;53.76014298349619;0.03093100443128497;31.65601776354015;0.4649970402568579
2022-10-07 00:00:00+00:00;41.33781994292512;0.03332423991768157;27.39926861487329;0.6871016270667315
2022-10-12 00:00:00+00:00;85.74977425066754;0.02784833442522212;17.70851954817772;1.6857698889076709
2022-10-15 00:00:00+00:00;29.849909004196526;0.012027776991762239;30.58761392496526;0.43175791546702386
2022-10-17 00:00:00+00:00;23.462323011644184;0.010278242982295347;12.78839457333088;0.5267015003412961
2022-11-01 00:00:00+00:00;52.540078289899974;0.019200181541335765;23.50510993897915;0.4081519453972578
2022-11-04 00:00:00+00:00;40.49586846707389;0.02554053357008379;14.672357178106903;0.6125188579410314
2022-11-06 00:00:00+00:00;49.398127644974736;0.021728655302803962;18.900785205513237;0.35335540525615217
2022-11-14 00:00:00+00:00;77.71393631100655;0.036316830967529704;22.84091058820486;0.6494689188152551
2022-11-19 00:00:00+00:00;65.14461739677935;0.02652658716640436;20.1900745972991;3.935765608251095
2022-11-24 00:00:00+00:00;76.45732309408486;0.014799364669527859;9.669528728350997;0.2881613341718912
2022-11-29 00:00:00+00:00;82.04705234626309;0.013492663141270168;14.344943868741392;0.3840160473436117
2022-12-24 00:00:00+00:00;77.58793003549799;0.022747237280406996;15.7814486220479;0.834271918386221
2022-12-31 00:00:00+00:00;56.23018351979554;0.02447893902927172;14.33728923611343;0.4675593900680542
2023-01-03 00:00:00+00:00;49.47124894661829;0.04314294699279118;22.13887397646904;0.5388024181127549
2023-01-05 00:00:00+00:00;66.4402933428064;0.010987434205482713;23.482648415490985;0.6169879050552844
2023-01-10 00:00:00+00:00;30.375684708356857;0.021714267052779887;14.549031554162502;0.46508840799331663
2023-01-13 00:00:00+00:00;37.049885269068184;0.020528369317925524;12.088469219207763;0.2922302255779505
2023-01-15 00:00:00+00:00;46.53217650223523;0.027189507554029088;14.654165525361895;0.5080649284273386
2023-01-23 00:00:00+00:00;49.56466366071254;0.026671897046291276;30.916942474246024;0.5272871804237366
2023-01-28 00:00:00+00:00;73.45193960824982;0.009239628841658127;17.840939336270093;0.49251527212560176
2023-01-30 00:00:00+00:00;68.18748711198569;0.009257164064166145;28.550338716059922;0.4077807698398829
2023-02-02 00:00:00+00:00;75.09288505744189;0.02327219268232585;16.45573551468551;0.23173817150294782
2023-02-04 00:00:00+00:00;46.34587217373773;0.031821492293849604;32.50578438937664;0.3254942198842764
2023-02-19 00:00:00+00:00;19.705611710622907;0.02945320414372251;13.743023834750057;0.5426748678833246
2023-02-22 00:00:00+00:00;68.26903208876028;0.020613966859574416;16.563951686024666;0.5332483319193124
2023-02-27 00:00:00+00:00;61.514161311741915;0.028987249217159113;28.606263718754054;0.6780945823341608
2023-03-01 00:00:00+00:00;59.12793668378144;0.04275871238233524;11.372116622701288;0.5499995748698712
2023-03-04 00:00:00+00:00;50.918492566049096;0.02345625319113024;25.383672593161464;1.051291293129325
2023-03-16 00:00:00+00:00;25.39423682168126;0.025141986013390114;11.926346794515847;0.20096029430627824
2023-03-19 00:00:00+00:00;76.04858208931982;0.03073020221607295;20.046900497376917;0.6013532625883817
2023-03-24 00:00:00+00:00;24.627106959745287;0.022682507124845853;16.91379583030939;0.6136442506313324
2023-03-29 00:00:00+00:00;56.24253200739622;0.024517741632484828;13.086738679930567;0.4957170681655407
2023-04-03 00:00:00+00:00;60.00969908703119;0.03231454237333969;4.9915275406092405;0.7620812629163265
2023-04-05 00:00:00+00:00;37.973641365673394;0.0309114777804818;9.596818816289305;0.4230843709409237
2023-04-08 00:00:00+00:00;33.98905910113827;0.020326644926285362;10.267077378556133;0.5661013283580542
2023-04-10 00:00:00+00:00;62.53283955445513;0.02994381790054029;10.910805607587099;0.880306272432208
2023-04-15 00:00:00+00:00;86.97877422804012;0.04246206244009081;20.774932854995132;0.2602665711939335
2023-04-18 00:00:00+00:00;41.66259799627587;0.020063087710761495;14.442673359811305;0.4407883232086897
2023-04-20 00:00:00+00:00;44.77588031766936;0.02559179558919279;11.51877045892179;0.5293364004045725
2023-04-23 00:00:00+00:00;77.77489029578865;0.0171654135366669;13.906349592655896;0.3982127108424902
2023-04-25 00:00:00+00:00;55.6551159132272;0.03424715549668764;19.78028162717819;0.6060650303214788
2023-05-05 00:00:00+00:00;33.04481224929914;0.017758422388276084;16.209017899259926;1.1372468626499177
2023-05-10 00:00:00+00:00;63.80670733833686;0.02449663766382728;24.791340478509664;0.18203701734542846
2023-05-15 00:00:00+00:00;55.29171005692333;0.014337797335465436;28.958640617132186;0.44615691386163236
2023-05-30 00:00:00+00:00;67.1010687276721;0.019623584641842176;28.246040395647288;0.5377872316539287
2023-06-02 00:00:00+00:00;33.037124580424276;0.02229979115941096;19.80730709657073;1.333197554424405
2023-06-04 00:00:00+00:00;57.65189582137391;0.014616084103239694;24.586479764431715;0.28429903417825697
2023-06-14 00:00:00+00:00;15.427061188500375;0.02018553718572948;11.38528476729989;0.9585616804659367
2023-06-17 00:00:00+00:00;48.46962238373235;0.0313620282194344;27.32377926595509;0.29772723108530047
2023-06-22 00:00:00+00:00;55.7396439826116;0.016509624415123818;15.897755575552583;1.0388220974057913
2023-06-24 00:00:00+00:00;54.584105868451296;0.014989271719660604;22.481588146835566;0.47710415415465834
2023-06-27 00:00:00+00:00;22.536018694285303;0.02219954918387811;12.370126930251718;0.26348952256143093
2023-06-29 00:00:00+00:00;39.57823714334518;0.03312268938145135;24.054932291805745;0.8110009456425905
2023-07-02 00:00:00+00:00;44.521776779554784;0.03218196476034356;20.893565269187093;0.27814626082777977
2023-07-04 00:00:00+00:00;67.26699962662533;0.03230074541789946;19.26395765580237;0.22903001628816128
2023-07-09 00:00:00+00:00;31.920201778039335;0.01953629882277456;19.290230152383447;0.4042585617303848
2023-07-12 00:00:00+00:00;36.742253438383344;0.03647912236587143;8.056667754426599;0.36432872876524924
2023-07-14 00:00:00+00:00;79.06652185702697;0.03506049527619031;11.229407878220082;0.24707385800778867
2023-07-17 00:00:00+00:00;78.15341380154715;0.03249035441195595;18.827189220115542;0.5831938049197197
2023-07-24 00:00:00+00:00;50.02777177244425;0.026310585381137223;19.55908908508718;0.7094739071279764
2023-07-27 00:00:00+00:00;33.40051490804181;0.042349054372007935;28.355869761109354;0.2113780225813389
2023-07-29 00:00:00+00:00;37.362197464052585;0.018651002500928007;16.982449194788934;0.6581087245792151
2023-08-01 00:00:00+00:00;21.36626322977245;0.04455336526958274;27.340053551644086;0.2699445637315512
2023-08-03 00:00:00+00:00;25.50011349916458;0.025600447497144314;20.554257071390747;0.9081237786263228
2023-08-06 00:00:00+00:00;41.93467499408871;0.031666454876842914;17.103859607875346;0.417641636878252
2023-08-08 00:00:00+00:00;43.47562531977892;0.027179538648063318;12.614337530359625;0.7938415465503931
2023-08-11 00:00:00+00:00;46.81778700938448;0.019871509295306164;18.442262445390224;0.29745578452944754
2023-08-13 00:00:00+00:00;24.11678751297295;0.024589946857793227;26.59351711049676;0.23286967515945434
2023-08-16 00:00:00+00:00;27.603805423434824;0.045208194084372384;11.23406270109117;0.27096338115632534
2023-08-18 00:00:00+00:00;31.737463156785815;0.021014426307007655;23.26651914194226;0.31014059610664846
2023-08-21 00:00:00+00:00;74.56907615084201;0.016267336652451198;20.93576986528933;0.5460630961507559
2023-08-23 00:00:00+00:00;48.0353043243289;0.020760056942095977;15.549082776904106;0.7217526764422655
2023-08-26 00:00:00+00:00;32.17610668167472;0.019342746990756124;14.625914391502738;0.535817154198885
2023-08-28 00:00:00+00:00;33.82447181465104;0.008289194268803113;21.02184897400439;0.14595751017332076
2023-08-31 00:00:00+00:00;80.3377742620185;0.040740157958655605;25.63140864595771;0.7095869157463313
2023-09-05 00:00:00+00:00;39.85307339243591;0.02427365380015691;24.340885231643917;0.3657842342555523
2023-09-07 00:00:00+00:00;72.70951949851587;0.011789966771705074;21.161430470645428;0.19458563379943372
2023-09-10 00:00:00+00:00;32.41206647008657;0.022704357901238828;16.755656622722746;0.44630987621843815
2023-09-15 00:00:00+00:00;46.946793192904444;0.026160460608545693;25.5517734285444;0.6086955190449953
2023-09-17 00:00:00+00:00;64.97013466237112;0.04040470495114566;26.593472246453167;0.35457176364958287
2023-09-20 00:00:00+00:00;64.30111694009975;0.0207912528933026;10.087033120915294;0.3095216965675354
2023-09-22 00:00:00+00:00;52.090662201400846;0.03383051359935197;26.009968545287848;0.3717042151093483
2023-09-25 00:00:00+00:00;47.142891597468406;0.01763786513430531;18.306007481738924;0.5014690611511469
2023-09-27 00:00:00+00:00;55.047872760985044;0.030845154109806764;21.632499501109123;0.5135691011697054
2023-09-30 00:00:00+00:00;51.24167181728408;0.013033385829906922;13.659689110144972;0.4482749952375889
2023-10-02 00:00:00+00:00;64.92928067808971;0.018298823501681924;15.177477252855898;0.3979482118785381
2023-10-05 00:00:00+00:00;46.750649521779266;0.025345686134300174;15.929540332779288;0.6521760931611061
2023-10-07 00:00:00+00:00;28.28989582685754;0.03365308696429712;25.80165579728782;0.25906899735331534
2023-10-10 00:00:00+00:00;48.98879277603701;0.034302033471479094;15.158536640554667;0.567632305920124
2023-10-12 00:00:00+00:00;65.60232048174366;0.032826595433964406;18.56113992072642;0.212121539786458
2023-10-15 00:00:00+00:00;80.9731568322517;0.032318605852941974;13.224795457720756;0.45601876720786094
2023-10-20 00:00:00+00:00;79.69714105445891;0.04219808965756091;10.034723419696093;1.8031204562634229
2023-10-25 00:00:00+00:00;47.55137471929193;0.028880559213669044;26.698957876488567;1.506957671046257
2023-10-30 00:00:00+00:00;45.948412529099734;0.03277839412875476;22.511200780794024;0.5286495409160853
2023-11-11 00:00:00+00:00;44.07626251066104;0.03559226087105927;29.032555994018914;0.624420785009861
2023-11-14 00:00:00+00:00;61.19093777844682;0.035825204720883665;13.840226219594479;0.5485563341528177
2023-11-19 00:00:00+00:00;78.20931187020615;0.019596772204851738;14.081756188720465;0.04084552384912968
2023-11-21 00:00:00+00:00;64.27998630935326;0.02900203006016094;20.51103599257767;0.2575239513814449
2023-11-24 00:00:00+00:00;52.99320764504373;0.04176107033744916;12.36689746081829;0.20186242923140527
2023-11-26 00:00:00+00:00;36.38424261631444;0.034696902650431696;36.263901027292015;0.2286112315952778
2023-12-06 00:00:00+00:00;61.69187487140298;0.044435083796829034;36.12905287407339;0.4444752061367035
2023-12-11 00:00:00+00:00;71.48807002268731;0.03194973722230643;23.636949123069645;0.45126723267138
2023-12-14 00:00:00+00:00;49.07934147734195;0.03387297923967707;11.426957442983985;0.6882598289102316
2023-12-16 00:00:00+00:00;19.730120031442492;0.0160223214320373;9.38447571620345;0.22795013293623925
2023-12-19 00:00:00+00:00;57.32369264466688;0.032906965726311285;21.50943192653358;0.17204681724309923
2023-12-21 00:00:00+00:00;62.91203330978751;0.028091448475490312;21.963054479286075;0.3676035266369581
2023-12-24 00:00:00+00:00;46.61082708882168;0.018222674477146948;10.573359968885779;0.34673521235585214
2023-12-26 00:00:00+00:00;47.468628661427644;0.037475537254312054;20.81981257498264;0.5223631657660007
2024-01-08 00:00:00+00:00;67.93412162084132;0.036686603543325334;24.427306605502963;0.667499720826745
2024-01-18 00:00:00+00:00;48.35389598589391;0.019295008638105363;15.39765074327588;0.34742623575031756
2024-01-23 00:00:00+00:00;68.04561252081767;0.02694648467623627;26.53923684731126;0.5592386630922556
2024-02-02 00:00:00+00:00;40.86625273451209;0.03129576150393117;14.42650875262916;0.5203867001831531
2024-02-04 00:00:00+00:00;83.22137268213555;0.011866705320845352;14.372449490055441;0.34716171599924567
2024-02-07 00:00:00+00:00;45.89054590696469;0.005488442826038231;17.807973332703114;0.07946114882826805
2024-02-12 00:00:00+00:00;61.016947370395066;0.03782369720286223;22.640402421727778;0.7337025003135205
2024-02-17 00:00:00+00:00;41.29529492938891;0.03362489049746657;19.361102117598058;0.2680344980955124
2024-02-24 00:00:00+00:00;39.60248086387291;0.01977966839291621;16.62339323721826;0.5662801457196474
2024-02-29 00:00:00+00:00;65.35183124383911;0.008321787240612315;18.91067621521652;0.44526269286870956
2024-03-03 00:00:00+00:00;26.162678562570363;0.03615564985277592;19.573744532465934;0.811575618609786
2024-03-05 00:00:00+00:00;47.174417844694105;0.03434382112249731;12.688770075514913;0.4144770731031895
2024-03-08 00:00:00+00:00;61.27487007100135;0.04313126897157638;13.714265988394619;2.090508731305599
2024-03-10 00:00:00+00:00;35.60835042111576;0.03160956417876295;10.613147649541498;2.3019078478962185
2024-03-13 00:00:00+00:00;53.931736185681075;0.010655695264250985;15.172777453437448;0.5515437062084675
2024-03-15 00:00:00+00:00;56.50137630552054;0.011382738799159409;18.694020924717186;0.5456945639848709
2024-04-09 00:00:00+00:00;65.36673983279616;0.03291025394895111;19.935007153078914;0.307013768106699
2024-04-12 00:00:00+00:00;62.10207589128986;0.02401440723147244;21.248428478837013;0.28741164207458497
2024-04-14 00:00:00+00:00;52.06083188895136;0.025565020310506236;25.85827801451087;0.6822000781446695
2024-04-17 00:00:00+00:00;50.94753707041964;0.034919348910008544;20.578486617654562;0.7307172930240631
2024-04-24 00:00:00+00:00;82.7963588424027;0.03006146090633697;20.85638679563999;0.5326449592411518
2024-05-02 00:00:00+00:00;35.755475071817635;0.030226711796340514;23.58387546800077;0.3292090751230717
2024-05-04 00:00:00+00:00;61.16098682004959;0.033376852770731776;28.236596627905964;1.1424316916614772
2024-05-07 00:00:00+00:00;69.98496263232082;0.025220254252804438;20.97114752754569;0.45609906800091266
2024-05-12 00:00:00+00:00;53.62231522351503;0.03151113950230647;17.537446301802994;0.6685375543683767
2024-05-14 00:00:00+00:00;33.08412892948836;0.02729975727384447;17.123680924251676;0.8747905688732862
2024-05-19 00:00:00+00:00;38.69779945136979;0.02967175032254308;13.920706695318222;0.366449041441083
2024-05-22 00:00:00+00:00;54.7531881810166;0.04284593776152467;15.868407352641224;0.6303226383030415
2024-05-24 00:00:00+00:00;60.82319595599547;0.03605700401505456;24.334534295648336;0.3493961690366268
2024-05-27 00:00:00+00:00;49.462497871089724;0.01371740625849925;26.776501356065275;0.5457667385041713
2024-05-29 00:00:00+00:00;80.74730542572215;0.02252491346863099;18.5195001732558;0.45067499272525313
2024-06-08 00:00:00+00:00;73.85409440519288;0.01554098308794202;26.542811232805253;0.27648130759596823
2024-06-13 00:00:00+00:00;47.35885017560795;0.014664145073597323;24.30282794833183;0.27026666671037675
2024-06-16 00:00:00+00:00;16.606795844994487;0.02424125350029206;31.3345530513674;0.42578457176685336
2024-06-18 00:00:00+00:00;33.42018503807485;0.031584098208951736;15.547465660050511;0.7222730509191752
2024-06-21 00:00:00+00:00;52.30274777272716;0.023280244870693422;11.549139400199056;0.31537402607500553
2024-06-23 00:00:00+00:00;31.126107487361878;0.025315460338164154;29.706868144124748;0.7637829472124577
2024-06-26 00:00:00+00:00;52.40190197248012;0.009470121818315238;9.998030010983348;0.5414896076917648
2024-07-01 00:00:00+00:00;54.30120561188087;0.027302150404150613;14.459130856767297;0.9742336814105511
2024-07-03 00:00:00+00:00;42.44432556610555;0.03261845832348334;14.969640401005744;0.48502119578421116
2024-07-06 00:00:00+00:00;64.12378429938107;0.02360103400682565;20.380104631558062;0.5705980040133
2024-07-08 00:00:00+00:00;65.77415847433731;0.03004415036744905;25.111806669086217;0.25197151929140094
2024-07-11 00:00:00+00:00;39.30662588831037;0.03481953031187879;18.797922606021167;0.693268281891942
2024-07-23 00:00:00+00:00;57.23670575870201;0.026404799425299275;18.40668158903718;0.48745028480887415
2024-07-26 00:00:00+00:00;64.13554063979537;0.030450081068929272;22.999618278071285;0.5835489903390407
2024-07-28 00:00:00+00:00;63.43951470665634;0.03230127810321284;22.609698282182215;0.5229276068508625
2024-07-31 00:00:00+00:00;26.687703848443924;0.045511539892642665;7.8465424057096245;0.36146056063473225
2024-08-02 00:00:00+00:00;64.40058688092977;0.02511216246932746;27.43136075399816;0.7157999282330274
2024-08-05 00:00:00+00:00;48.7755595468916;0.01838810878435616;27.390164437890054;0.7926441834867001
2024-08-07 00:00:00+00:00;40.10081635480746;0.02041721540994476;17.96739541217685;0.5098904605209827
2024-08-10 00:00:00+00:00;65.19530222686008;0.035478190686763236;31.757588456571103;0.30054703198373317
2024-08-12 00:00:00+00:00;73.18356265956535;0.030787348781665766;8.314596173539758;0.3816967077553272
2024-08-15 00:00:00+00:00;77.4315897302702;0.024095010856864957;15.248336250707506;0.45167603336274625
2024-08-17 00:00:00+00:00;35.452779113687576;0.025278494432405575;25.820501177012922;1.0003232578188181
2024-08-20 00:00:00+00:00;42.385858555044976;0.02122158604071007;22.990989972278477;0.9486777216196061
2024-08-22 00:00:00+00:00;76.5378580229357;0.03167256684699095;18.869343308359383;0.5573980737477541
2024-08-25 00:00:00+00:00;39.8336444334127;0.02641327096999156;16.88126737885177;0.6928531384468078
2024-09-01 00:00:00+00:00;65.28277882784604;0.03777025322753466;19.385728537663816;0.5822505016624927
2024-09-04 00:00:00+00:00;62.14131820015609;0.036368892256636184;17.730292136967183;0.33727516800165175
2024-09-09 00:00:00+00:00;78.82870220569893;0.032588021220755756;19.54938072413206;0.71583203420043
2024-09-11 00:00:00+00:00;91.16236655758694;0.015795914754993267;17.58822611384094;0.577850764542818
2024-09-14 00:00:00+00:00;43.94550646403805;0.038238919050805245;6.424407778680324;0.5633111158758402
2024-09-16 00:00:00+00:00;83.6473133072257;0.02519194075029806;14.304107586294412;0.34690892055630684
2024-09-21 00:00:00+00:00;16.25678620673716;0.02242036519444086;24.94158855266869;0.4619697643816471
2024-09-26 00:00:00+00:00;28.025229472015052;0.04810571549416057;19.577360800653697;0.23466529808938502
2024-09-29 00:00:00+00:00;75.25137091837823;0.024831212597689594;15.292604214698077;0.6276010470092297
2024-10-01 00:00:00+00:00;79.46414878079668;0.02969742682396899;26.18361330926418;0.6255470921099185
2024-10-04 00:00:00+00:00;40.74791266759858;0.026870619538170312;6.952493131160736;0.5757077246904373
2024-10-06 00:00:00+00:00;40.96886222269386;0.01936960032696371;15.312624859064817;0.7495718049257993
2024-10-19 00:00:00+00:00;79.72030478753149;0.0407697306850227;15.849748067185283;1.9609245826303958
2024-10-21 00:00:00+00:00;74.22529704403132;0.041523657763609674;19.214029609411956;0.049967663884162905
2024-10-26 00:00:00+00:00;48.38362950580195;0.032643811588687795;19.494148794189094;0.6947005782276392
2024-11-05 00:00:00+00:00;26.577994439564645;0.03304105901203583;8.62487366385758;0.3755309073626995
2024-11-18 00:00:00+00:00;37.42134807743132;0.03371769940112715;25.394561483711005;0.4557208041101694
2024-11-20 00:00:00+00:00;45.99616805044934;0.04022807264726141;18.497759074345232;0.24420781418681145
2024-11-23 00:00:00+00:00;87.64946582345291;0.03457014865216332;14.357252367958427;0.5407517912983895
2024-11-30 00:00:00+00:00;62.33621764015406;0.036994700915738955;24.122195051983;0.522985156327486
2024-12-03 00:00:00+00:00;42.44524340284988;0.04412596078491762;4.776909331977367;0.2171400235593319
2024-12-05 00:00:00+00:00;33.58205403815955;0.018576473463932056;20.798932614549994;0.6366307333111763
2024-12-08 00:00:00+00:00;52.30718517014757;0.04265407587422526;26.140089163556695;0.36700595751404763
2024-12-10 00:00:00+00:00;50.76972562717274;0.031291128909727545;16.09465767033398;0.4003573676943779
2024-12-13 00:00:00+00:00;45.24431598996743;0.03303651628775984;12.946655206754803;0.3167957764863968
2024-12-15 00:00:00+00:00;52.25780460732058;0.03522331380348183;19.09369240924716;0.229403575360775
2024-12-20 00:00:00+00:00;96.13163000773639;0.02095854991127272;23.408317525312306;0.6077040572464466
2024-12-23 00:00:00+00:00;38.80201785201207;0.025220703387795963;18.80986219458282;0.4675305235385895
2024-12-25 00:00:00+00:00;54.43462911555544;0.021678448765911164;9.492176321521402;0.42675080567598345
2024-12-30 00:00:00+00:00;87.83604915300384;0.03070259737826415;25.986626969650388;0.2797646676748991
2025-01-02 00:00:00+00:00;43.71858685435727;0.026507276053028165;14.232238164544105;0.4202828561514616
2025-01-04 00:00:00+00:00;35.5641942050308;0.03787627408672124;22.812305812165143;0.9372615876048803
2025-01-09 00:00:00+00:00;45.34145078333095;0.03556408096428501;21.560968478396536;0.5663476895540953
2025-01-14 00:00:00+00:00;65.97250881707296;0.038879180997842926;13.004040921106935;0.5520189512521029
2025-01-19 00:00:00+00:00;69.32330848341807;0.04090047345219649;19.464022673293947;0.24760477870702743
2025-01-24 00:00:00+00:00;78.79235766362399;0.02707446712176315;25.760692620649934;0.6791903238743544
2025-02-01 00:00:00+00:00;6.314629319775849;0.03854647826955188;10.722287986427546;0.5589213475584984
2025-02-03 00:00:00+00:00;48.10225257053971;0.024859134203963924;23.58135034069419;0.3881174079328775
2025-02-06 00:00:00+00:00;74.34824040243402;0.015355972830159605;14.884971337392926;0.5383075734972954
2025-02-08 00:00:00+00:00;86.4521219952032;0.023796674438472824;16.15658975057304;0.5194238933920861
2025-02-11 00:00:00+00:00;20.30228278096765;0.03397932951240803;26.488528713211416;0.7638242188096046
2025-02-13 00:00:00+00:00;70.1242312173359;0.018716451397840894;14.822686554118992;0.2080491755157709
2025-02-16 00:00:00+00:00;87.37120294915512;0.026216785502177636;17.87635510340333;0.7251458732783794
2025-02-23 00:00:00+00:00;33.89594116341323;0.03047054240433495;11.753793357685208;0.3516113833338022
2025-02-26 00:00:00+00:00;39.38298570476472;0.0252825244256761;27.33760843873024;0.7168413761258126
2025-02-28 00:00:00+00:00;68.8961255101487;0.017368202950805416;23.122786688804627;0.7400668484717607
2025-03-10 00:00:00+00:00;57.45745663717389;0.014401383373467268;15.17457062639296;0.4533285051584244
2025-03-25 00:00:00+00:00;34.846619016118346;0.029205237483093525;20.405354228243233;0.6430097030103207
2025-03-30 00:00:00+00:00;39.09517413079739;0.04990046423454768;26.740580290555954;0.5462443381547928
2025-04-02 00:00:00+00:00;53.726690396480265;0.03246999194060916;23.72925651855767;0.347938971593976
2025-04-04 00:00:00+00:00;52.380873552616684;0.006498561524064271;17.221699323505163;0.3028221789002419
2025-04-07 00:00:00+00:00;34.54845667937771;0.030841684653097782;12.106848984956741;0.8812455943226815
2025-04-09 00:00:00+00:00;86.80336308451369;0.018883970187767392;24.48984991274774;0.8138487457484007
2025-04-14 00:00:00+00:00;68.08478134861215;0.007807560922577983;18.775662541761996;0.6552634888142347
2025-04-19 00:00:00+00:00;52.5084524769336;0.04601298684035426;19.20445065461099;0.4769750278443098
2025-04-24 00:00:00+00:00;65.52747868709267;0.037276734883105414;26.24606870189309;0.45264780431985857
2025-04-27 00:00:00+00:00;40.726441310346125;0.01983742554683702;26.77509662359953;0.8888313306868076
2025-05-02 00:00:00+00:00;62.42368965465575;0.029755836531822576;24.286640252545475;0.6646042275428772
2025-05-12 00:00:00+00:00;44.100256556179374;0.019087614133371997;17.366044582426547;1.9088781286031007
2025-05-14 00:00:00+00:00;48.039938217308375;0.026539750047563575;22.780203197151423;1.6422147931903601
2025-05-16 00:00:00+00:00;37.07350488454104;0.04232146967186129;22.210966424271465;0.8277868765592575
2025-05-17 00:00:00+00:00;74.31025319825858;0.0368195881614229;25.113650359213352;0.47140410497784613
2025-05-19 00:00:00+00:00;31.350832391064614;0.023599211961077532;15.827134785056113;1.3131526737660169
2025-05-24 00:00:00+00:00;36.22178512634709;0.02193494790005497;6.559902606531978;0.6129261164367199
2025-05-26 00:00:00+00:00;53.45100455880165;0.016713177771563642;20.748312122002243;0.6493896258622408
2025-05-27 00:00:00+00:00;55.18372923117131;0.03119418682842518;13.493012832850217;1.0284316726773977
2025-05-29 00:00:00+00:00;54.037967753782866;0.025731038435851228;17.470177360251547;0.9241375850141048
2025-06-05 00:00:00+00:00;42.606949985865505;0.016989046077802786;19.943963411450387;0.6596009377390146
2025-06-06 00:00:00+00:00;55.3344236234203;0.02695806077113375;21.168660273402928;0.3303393831849098
2025-06-08 00:00:00+00:00;28.898824995104224;0.007239447280392053;11.07902355119586;0.6758103927224874
2025-06-11 00:00:00+00:00;60.66322943205014;0.0093420054303948;29.94124413989484;0.49092309653759003
2025-06-15 00:00:00+00:00;31.196841476298868;0.019714367257431153;26.10518076196313;0.4178435728698969
2025-06-16 00:00:00+00:00;48.40374075789005;0.022481033915653856;19.406284378096462;0.693564013838768
2025-06-18 00:00:00+00:00;54.94161252146587;0.03155810068524441;12.2966664519161;0.8993434721976519
2025-06-21 00:00:00+00:00;42.438507101126014;0.037773865615390215;18.83061830736697;0.7902003990113735
2025-06-23 00:00:00+00:00;69.1639369587414;0.022367806743783882;22.00982155688107;0.6177342507988215
2025-06-25 00:00:00+00:00;73.54190354049206;0.027991531348228446;16.460725661367178;0.762634252384305
2025-06-26 00:00:00+00:00;29.364214266557248;0.014905200772779044;23.59931363463402;0.49094002529978753
2025-06-28 00:00:00+00:00;27.274610125739127;0.025805870311288174;15.531005061790347;0.7655703295022249
2025-07-01 00:00:00+00:00;78.73452594568953;0.02066331430266144;13.666131328418851;0.4801926114410162
2025-07-03 00:00:00+00:00;63.62122037317604;0.04371072657206094;31.973340522125362;0.25760919831693174
2025-07-05 00:00:00+00:00;26.622440277226268;0.026763676260039223;30.57081564106047;0.6054989638179541
2025-07-06 00:00:00+00:00;73.8458921813406;0.026936820451053757;31.695030511170625;0.9661080984026194
2025-07-08 00:00:00+00:00;64.16259257644415;0.02543071500579827;21.861781952530144;0.7306289142370224
2025-07-11 00:00:00+00:00;24.138361173309384;0.0179871547530871;23.463428411260246;0.12953481622040272
2025-07-13 00:00:00+00:00;49.41604440724477;0.03116000718721184;24.611774540320038;0.7712919509410858
2025-07-15 00:00:00+00:00;55.18839247887954;0.0395519655390177;12.30983685106039;0.5126879231631756
2025-07-16 00:00:00+00:00;44.52523300433531;0.03973738547447137;18.728809494897725;0.3071915981173515
2025-07-18 00:00:00+00:00;46.29822259331122;0.02522115617471282;26.35629227422178;1.2888905883580446
2025-07-21 00:00:00+00:00;50.07137823738158;0.03196361221962145;21.62321589104831;0.8654194761812687
2025-07-26 00:00:00+00:00;68.46924394071102;0.021632127256644894;18.639507979527117;0.5726164722442627
2025-07-28 00:00:00+00:00;24.634480711072683;0.026828379790624624;23.605644719675183;0.8003127388656139
2025-07-31 00:00:00+00:00;45.744459754321724;0.01738766217129304;13.6427101790905;0.6254047787934541
2025-08-02 00:00:00+00:00;45.758545983675866;0.025542712525650883;25.532303491234778;0.8577537923306227
2025-08-04 00:00:00+00:00;41.69397797491401;0.019955021841824083;19.445581597089767;0.4042703778296709
2025-08-05 00:00:00+00:00;90.79341303864494;0.012604262374830432;24.594106502830982;0.2575472258776426
2025-08-07 00:00:00+00:00;45.91085048597306;0.019128602271876308;22.37720058783889;0.5684231647849083
2025-08-10 00:00:00+00:00;71.88000526083633;0.02492992546919266;26.394088327512144;0.6965431805700064
2025-08-12 00:00:00+00:00;61.18425363684073;0.02592463115877472;22.23285340704024;0.8127461122721433
2025-08-14 00:00:00+00:00;66.22632418526337;0.0335034763347823;24.51035745330155;0.32590287290513514
2025-08-15 00:00:00+00:00;45.3407444473356;0.016484978382010008;20.33497188128531;0.43303551875054835
2025-08-17 00:00:00+00:00;31.55949431937188;0.04359552567803766;18.437761130183937;0.423516371101141
2025-08-20 00:00:00+00:00;67.58734315922484;0.013871682867337951;19.942384875938295;0.29601427853107454
2025-08-22 00:00:00+00:00;55.83492863103747;0.017345636483584538;21.561110800877213;0.7140616673976183
2025-08-24 00:00:00+00:00;39.14234522422775;0.01747859654054046;15.764636900648474;0.5470694710314273
2025-08-27 00:00:00+00:00;47.74725862555206;0.030897071214113416;31.492032695561647;0.7507721439749002
2025-08-30 00:00:00+00:00;49.994712077174334;0.03568576957681216;20.246623224765063;0.8865546586364508
2025-09-01 00:00:00+00:00;43.086165950261055;0.026690177562762974;14.17040807455778;0.47726356714963913
2025-09-03 00:00:00+00:00;67.96347734127194;0.020077581861242675;17.33979808166623;0.4550300712138414
2025-09-04 00:00:00+00:00;25.34863868644461;0.030472513103345436;31.21736579425633;0.6252501524984837
2025-09-09 00:00:00+00:00;40.54501600945368;0.03015770405831284;26.204012034460902;1.0075799791514874
2025-09-11 00:00:00+00:00;35.075652214419094;0.0379511506878538;15.386497055739165;0.381850373595953
2025-09-14 00:00:00+00:00;65.50175424208865;0.010742875538812955;16.88976876065135;0.6710291119664907
2025-09-16 00:00:00+00:00;78.69942009551451;0.016522340451017963;25.34981706030667;0.24546184815466404
2025-09-19 00:00:00+00:00;81.30220215693116;0.028385542037710564;20.466491938382386;0.23315323650836944
2025-09-21 00:00:00+00:00;11.762815736141055;0.029165163736534282;25.108335763961076;0.5504743631184101
2025-09-23 00:00:00+00:00;56.70454268008471;0.02299104898385703;24.87343088313937;0.919850244000554
2025-09-26 00:00:00+00:00;31.90919015482068;0.02658850365551188;13.648776204511524;0.7461444064229726
